source,title,url,category,dotw,year,month,day,words,links,imgs,tweet_time,retweets,local_tweet_time,offset_hours
flowingdata,"High-resolution maps of science",http://flowingdata.com/2012/01/02/high-resolution-maps-of-science/,Network Visualization,Monday,2012,01,02,278,4,0,2012-01-02 18:02:03 UTC,13,2012-01-02 10:02:03 -0800,-8
flowingdata,"Hand-crafted wall map of the United States",http://flowingdata.com/2012/01/03/hand-crafted-wall-map-of-the-united-states/,Mapping,Tuesday,2012,01,03,271,3,2,2012-01-03 19:15:57 UTC,2,2012-01-03 11:15:57 -0800,-8
flowingdata,"Angry Birds productivity tracker",http://flowingdata.com/2012/01/03/angry-birds-productivity-tracker/,Software,Tuesday,2012,01,03,253,3,1,2012-01-03 16:55:55 UTC,6,2012-01-03 08:55:55 -0800,-8
flowingdata,"Dynamic face substitution",http://flowingdata.com/2012/01/04/face-substitution/,Visualization,Wednesday,2012,01,04,71,6,0,2012-01-04 18:35:21 UTC,11,2012-01-04 10:35:21 -0800,-8
flowingdata,"Algorithm estimates who’s in control",http://flowingdata.com/2012/01/04/algorithm-estimates-whos-in-control/,Statistics,Wednesday,2012,01,04,147,2,0,,,,
flowingdata,"Apollo 11 lunar landing told through data",http://flowingdata.com/2012/01/04/apollo-11-lunar-landing-told-through-data/,Statistical Visualization,Wednesday,2012,01,04,164,0,0,,,,
flowingdata,"Introducing FlowingData Membership",http://flowingdata.com/2012/01/05/introducing-flowingdata-membership/,Announcements,Thursday,2012,01,05,402,5,0,2012-01-05 16:46:11 UTC,4,2012-01-05 08:46:11 -0800,-8
flowingdata,"Where people are looking for homes",http://flowingdata.com/2012/01/06/where-people-are-looking-for-homes/,Mapping,Friday,2012,01,06,156,3,1,2012-01-06 18:08:25 UTC,5,2012-01-06 10:08:25 -0800,-8
flowingdata,"Teamwork and collaboration that built Watson",http://flowingdata.com/2012/01/08/teamwork-and-collaboration-that-built-watson/,Statistics,Sunday,2012,01,08,111,3,0,,,,
flowingdata,"Map of Reddit",http://flowingdata.com/2012/01/09/map-of-reddit/,Mapping,Monday,2012,01,09,48,4,1,2012-01-09 21:07:31 UTC,4,2012-01-09 13:07:31 -0800,-8
flowingdata,"Predicting the future of prediction",http://flowingdata.com/2012/01/09/predicting-the-future-of-prediction/,Statistics,Monday,2012,01,09,124,3,0,,,,
flowingdata,"Designing Google Maps",http://flowingdata.com/2012/01/10/designing-google-maps/,Mapping,Tuesday,2012,01,10,183,6,1,,,,
flowingdata,"Geometry of pasta",http://flowingdata.com/2012/01/10/geometry-of-pasta/,Visualization,Tuesday,2012,01,10,34,3,1,,,,
flowingdata,"New Hampshire results trackers",http://flowingdata.com/2012/01/10/new-hampshire-results-trackers/,Infographics,Tuesday,2012,01,10,38,6,1,2012-01-11 00:44:34 UTC,4,2012-01-10 16:44:34 -0800,-8
flowingdata,"Pie step comment bubble 3D thing",http://flowingdata.com/2012/01/10/pie-step-comment-bubble-3d-thing/,Ugly Charts,Tuesday,2012,01,10,107,3,1,2012-01-10 16:56:58 UTC,3,2012-01-10 08:56:58 -0800,-8
flowingdata,"Cinemetrics creates a visual fingerprint for movies",http://flowingdata.com/2012/01/12/cinemetrics-creates-a-visual-fingerprint-for-movies/,Data Art,Thursday,2012,01,12,121,6,1,2012-01-12 17:27:21 UTC,6,2012-01-12 09:27:21 -0800,-8
flowingdata,"Lego mathematics and growing complexity in networks",http://flowingdata.com/2012/01/12/lego-mathematics-and-growing-complexity-in-networks/,Statistics,Thursday,2012,01,12,243,3,2,,,,
flowingdata,"World subway paths at scale",http://flowingdata.com/2012/01/13/world-subway-paths-at-scale/,Mapping,Friday,2012,01,13,67,3,1,2012-01-13 16:47:16 UTC,12,2012-01-13 08:47:16 -0800,-8
flowingdata,"Find out what percent you are in",http://flowingdata.com/2012/01/15/what-percent-you-are-in/,Mapping,Sunday,2012,01,15,106,5,1,2012-01-15 17:23:50 UTC,13,2012-01-15 09:23:50 -0800,-8
flowingdata,"Spot visualizes tweet commonalities",http://flowingdata.com/2012/01/16/spot-visualizes-tweet-commonalities/,Network Visualization,Monday,2012,01,16,181,3,2,2012-01-17 21:22:24 UTC,4,2012-01-17 13:22:24 -0800,-8
flowingdata,"Amazon recommendation network",http://flowingdata.com/2012/01/17/amazon-recommendation-network/,Network Visualization,Tuesday,2012,01,17,209,7,1,2012-01-17 21:21:42 UTC,9,2012-01-17 13:21:42 -0800,-8
flowingdata,"Watching ‘wtf Wikipedia’ as SOPA/PIPA blackout begins",http://flowingdata.com/2012/01/17/watching-wtf-wikipedia-as-sopapipa-blackout-begins/,Network Visualization,Tuesday,2012,01,17,76,4,1,,,,
flowingdata,"Optimized dart throwing and other games",http://flowingdata.com/2012/01/17/optimized-dart-throwing-and-other-games/,Statistical Visualization,Tuesday,2012,01,17,198,7,1,2012-01-17 17:05:26 UTC,3,2012-01-17 09:05:26 -0800,-8
flowingdata,"High resolution biomass map, at management scale",http://flowingdata.com/2012/01/18/high-resolution-biomass-map-at-management-scale/,Mapping,Wednesday,2012,01,18,142,4,1,2012-01-18 17:27:45 UTC,1,2012-01-18 09:27:45 -0800,-8
flowingdata,"Social network analysis used to convict slumlords",http://flowingdata.com/2012/01/19/social-network-analysis-used-to-convict-slumlords/,Statistics,Thursday,2012,01,19,106,4,1,2012-01-19 19:02:38 UTC,14,2012-01-19 11:02:38 -0800,-8
flowingdata,"SOPA opposition surges",http://flowingdata.com/2012/01/20/sopa-opposition-surges/,Infographics,Friday,2012,01,20,43,3,1,2012-01-20 18:29:19 UTC,12,2012-01-20 10:29:19 -0800,-8
flowingdata,"Music listening trends and the news in 2011",http://flowingdata.com/2012/01/23/music-listening-trends-and-the-news-in-2011/,Infographics,Monday,2012,01,23,96,4,1,2012-01-23 08:46:53 UTC,7,2012-01-23 00:46:53 -0800,-8
flowingdata,"Geographic connectedness via Twitter locations",http://flowingdata.com/2012/01/24/geographic-connectedness-via-twitter-locations/,Mapping,Tuesday,2012,01,24,192,5,1,,,,
flowingdata,"Job growth at the best companies to work for",http://flowingdata.com/2012/01/24/job-growth-at-the-best-companies-to-work-for/,Statistical Visualization,Tuesday,2012,01,24,115,2,1,,,,
flowingdata,"Words used in SOTU and Republican presidential candidates in debates",http://flowingdata.com/2012/01/24/words-used-in-sotu-and-republican-presidential-candidates-in-debates/,Statistical Visualization,Tuesday,2012,01,24,54,2,1,2012-01-25 04:57:21 UTC,16,2012-01-24 20:57:21 -0800,-8
flowingdata,"In perspective: One hour of video uploaded to YouTube per second",http://flowingdata.com/2012/01/24/in-perspective-one-hour-of-video-uploaded-to-youtube-per-second/,Infographics,Tuesday,2012,01,24,170,6,2,2012-01-24 20:34:48 UTC,5,2012-01-24 12:34:48 -0800,-8
flowingdata,"Own and securely store your location with OpenPaths",http://flowingdata.com/2012/01/26/own-and-securely-store-your-location-with-openpaths/,Self-surveillance,Thursday,2012,01,26,261,2,1,2012-01-26 08:35:03 UTC,7,2012-01-26 00:35:03 -0800,-8
flowingdata,"More people want to learn statistics",http://flowingdata.com/2012/01/27/more-people-want-to-learn-statistics/,Statistics,Friday,2012,01,27,140,3,0,,,,
flowingdata,"The Fixie Bike Index and hipsters",http://flowingdata.com/2012/01/27/the-fixie-bike-index-and-hipsters/,Statistics,Friday,2012,01,27,116,2,1,2012-01-27 17:21:25 UTC,5,2012-01-27 09:21:25 -0800,-8
flowingdata,"Texting on the toilet",http://flowingdata.com/2012/01/30/texting-on-the-toilet/,Data Sources,Monday,2012,01,30,98,3,1,2012-01-31 07:06:32 UTC,15,2012-01-30 23:06:32 -0800,-8
flowingdata,"Visualizing popularity of Yahoo homepage stories",http://flowingdata.com/2012/01/30/visualizing-popularity-of-yahoo-homepage-stories/,Visualization,Monday,2012,01,30,182,4,1,2012-01-30 17:13:33 UTC,6,2012-01-30 09:13:33 -0800,-8
flowingdata,"Challenges measuring crime worldwide",http://flowingdata.com/2012/02/01/challenges-measuring-crime-worldwide/,Statistics,Wednesday,2012,02,01,243,2,0,,,,
flowingdata,"Mapping the drug wars in Mexico",http://flowingdata.com/2012/02/01/mapping-the-drug-wars-in-mexico/,Mapping,Wednesday,2012,02,01,222,3,1,2012-02-01 16:39:56 UTC,16,2012-02-01 08:39:56 -0800,-8
flowingdata,"Bird migration patterns mapped",http://flowingdata.com/2012/02/02/bird-migration-patterns-mapped/,Mapping,Thursday,2012,02,02,107,3,1,2012-02-02 17:31:38 UTC,13,2012-02-02 09:31:38 -0800,-8
flowingdata,"Compare presidential candidate fundraising",http://flowingdata.com/2012/02/02/compare-presidential-candidate-fundraising/,Statistical Visualization,Thursday,2012,02,02,92,4,1,2012-02-02 18:56:54 UTC,3,2012-02-02 10:56:54 -0800,-8
flowingdata,"An action plan for data science, a decade ago",http://flowingdata.com/2012/02/03/an-action-plan-for-data-science-a-decade-ago/,Statistics,Friday,2012,02,03,462,14,0,2012-02-03 12:14:55 UTC,11,2012-02-03 04:14:55 -0800,-8
flowingdata,"Most mentioned NFL players on SportsCenter",http://flowingdata.com/2012/02/05/most-mentioned-nfl-players-on-sportscenter/,Infographics,Sunday,2012,02,05,75,2,1,2012-02-05 18:07:05 UTC,12,2012-02-05 10:07:05 -0800,-8
flowingdata,"Tracking the grizzly bear in emotional interactive documentary",http://flowingdata.com/2012/02/06/tracking-the-grizzly-bear-in-emotional-interactive-documentary/,Data Art,Monday,2012,02,06,194,3,1,2012-02-06 08:35:24 UTC,9,2012-02-06 00:35:24 -0800,-8
flowingdata,"Weave for visualization development",http://flowingdata.com/2012/02/07/weave-for-visualization-development/,Software,Tuesday,2012,02,07,118,3,1,2012-02-07 10:40:52 UTC,20,2012-02-07 02:40:52 -0800,-8
flowingdata,"Animation shows national migration patterns",http://flowingdata.com/2012/02/08/animation-shows-national-migration-patterns/,Mapping,Wednesday,2012,02,08,206,4,0,2012-02-08 08:36:58 UTC,8,2012-02-08 00:36:58 -0800,-8
flowingdata,"Taxi migration in Manhattan",http://flowingdata.com/2012/02/08/taxi-migration-in-manhattan/,Mapping,Wednesday,2012,02,08,146,4,0,2012-02-08 18:01:32 UTC,7,2012-02-08 10:01:32 -0800,-8
flowingdata,"Famous dances in television and cinema illustrated",http://flowingdata.com/2012/02/10/famous-dances-in-television-and-cinema/,Infographics,Friday,2012,02,10,50,4,1,,,,
flowingdata,"Jeremy Lin is no fluke",http://flowingdata.com/2012/02/11/jeremy-lin-is-no-fluke/,Statistics,Saturday,2012,02,11,156,2,0,2012-02-12 01:39:54 UTC,10,2012-02-11 17:39:54 -0800,-8
flowingdata,"Abstract maps of the United States",http://flowingdata.com/2012/02/13/abstract-maps-of-the-united-states/,Mapping,Monday,2012,02,13,139,3,1,2012-02-13 09:09:17 UTC,3,2012-02-13 01:09:17 -0800,-8
flowingdata,"Interactive and animated word cloud",http://flowingdata.com/2012/02/14/interactive-and-animated-word-cloud/,Visualization,Tuesday,2012,02,14,117,4,1,2012-02-14 09:36:54 UTC,7,2012-02-14 01:36:54 -0800,-8
flowingdata,"Slicing Obama’s 2013 budget proposal four ways",http://flowingdata.com/2012/02/15/slicing-obamas-2013-budget-proposal-four-ways/,Statistical Visualization,Wednesday,2012,02,15,202,3,1,2012-02-15 09:04:43 UTC,5,2012-02-15 01:04:43 -0800,-8
flowingdata,"Companies learn your secrets with data about you",http://flowingdata.com/2012/02/16/companies-learn-your-secrets-with-data-about-you/,Statistics,Thursday,2012,02,16,332,3,0,2012-02-17 06:54:53 UTC,19,2012-02-16 22:54:53 -0800,-8
flowingdata,"WolframAlpha Pro launches in an effort to democratize data science",http://flowingdata.com/2012/02/16/wolframalpha-pro-launches-in-an-effort-to-democratize-data-science/,Online Applications,Thursday,2012,02,16,194,2,1,2012-02-16 09:55:22 UTC,12,2012-02-16 01:55:22 -0800,-8
flowingdata,"Urine color chart",http://flowingdata.com/2012/02/17/urine-color-chart/,Infographics,Friday,2012,02,17,11,2,1,2012-02-17 10:50:17 UTC,17,2012-02-17 02:50:17 -0800,-8
flowingdata,"Point guard fundamentals of Jeremy Lin",http://flowingdata.com/2012/02/19/point-guard-fundamentals-of-jeremy-lin/,Infographics,Sunday,2012,02,19,105,2,1,2012-02-19 09:03:10 UTC,8,2012-02-19 01:03:10 -0800,-8
flowingdata,"Live coding and inventing on principle",http://flowingdata.com/2012/02/20/live-coding-and-inventing-on-principle/,Software,Monday,2012,02,20,58,1,0,2012-02-20 09:08:05 UTC,10,2012-02-20 01:08:05 -0800,-8
flowingdata,"Password reuse visualizer from Mozilla",http://flowingdata.com/2012/02/21/password-reuse-visualizer-from-mozilla/,Network Visualization,Tuesday,2012,02,21,190,3,1,2012-02-21 08:13:55 UTC,9,2012-02-21 00:13:55 -0800,-8
flowingdata,"Patterns of daily life in Netherlands from Above",http://flowingdata.com/2012/02/22/patterns-of-daily-life-in-netherlands-from-above/,Mapping,Wednesday,2012,02,22,109,6,0,2012-02-22 08:45:18 UTC,9,2012-02-22 00:45:18 -0800,-8
flowingdata,"Map your Twitter friends",http://flowingdata.com/2012/02/23/map-your-twitter-friends/,Mapping,Thursday,2012,02,23,48,3,1,2012-02-23 08:45:38 UTC,25,2012-02-23 00:45:38 -0800,-8
flowingdata,"Giant globe display",http://flowingdata.com/2012/02/24/giant-globe-display/,Mapping,Friday,2012,02,24,4,2,0,2012-02-24 17:57:41 UTC,4,2012-02-24 09:57:41 -0800,-8
flowingdata,"Basketball net will rate the force of dunks during Slam Dunk Contest",http://flowingdata.com/2012/02/25/basketball-net-will-rate-the-force-of-dunks-during-slam-dunk-contest/,Self-surveillance,Saturday,2012,02,25,175,3,0,2012-02-25 08:24:20 UTC,13,2012-02-25 00:24:20 -0800,-8
flowingdata,"Feltron Report 2010/2011 is out",http://flowingdata.com/2012/02/27/feltron-report-20102011-is-out/,Self-surveillance,Monday,2012,02,27,120,3,1,2012-02-27 18:32:44 UTC,16,2012-02-27 10:32:44 -0800,-8
flowingdata,"Stephen Colbert on Target and predictive analytics",http://flowingdata.com/2012/02/27/stephen-colbert-on-target-and-predictive-analytics/,Statistics,Monday,2012,02,27,20,2,0,2012-02-27 20:17:25 UTC,12,2012-02-27 12:17:25 -0800,-8
flowingdata,"Really old maps online",http://flowingdata.com/2012/02/28/really-old-maps-online/,Mapping,Tuesday,2012,02,28,105,4,1,2012-02-28 13:11:49 UTC,39,2012-02-28 05:11:49 -0800,-8
flowingdata,"Wind motion patterns animated",http://flowingdata.com/2012/02/29/wind-motion-patterns-animated/,Mapping,Wednesday,2012,02,29,90,4,1,2012-02-29 12:57:29 UTC,9,2012-02-29 04:57:29 -0800,-8
flowingdata,"Thomas the Tank Engine and Friends, accidental chart",http://flowingdata.com/2012/03/06/thomas-the-train-and-friends-accidental-chart/,Statistical Visualization,Tuesday,2012,03,06,50,1,1,,,,
flowingdata,"Kartograph aims to make interactive vector maps easier",http://flowingdata.com/2012/03/07/kartograph-aims-to-make-interactive-vector-maps-easier/,Software,Wednesday,2012,03,07,152,6,1,2012-03-07 18:48:17 UTC,20,2012-03-07 10:48:17 -0800,-8
flowingdata,"Geography of government benefits",http://flowingdata.com/2012/03/07/geography-of-government-benefits/,Mapping,Wednesday,2012,03,07,135,3,1,2012-03-07 11:59:02 UTC,2,2012-03-07 03:59:02 -0800,-8
flowingdata,"Fast and slow visualization",http://flowingdata.com/2012/03/08/fast-and-slow-visualization/,Design,Thursday,2012,03,08,173,2,0,2012-03-08 08:11:00 UTC,6,2012-03-08 00:11:00 -0800,-8
flowingdata,"Your personal networks visualized as microbiological cells in Biologic",http://flowingdata.com/2012/03/08/your-personal-networks-visualized-as-microbiological-cells-in-biologic/,Data Art,Thursday,2012,03,08,210,4,1,2012-03-08 17:49:12 UTC,3,2012-03-08 09:49:12 -0800,-8
flowingdata,"The personal analytics of Stephen Wolfram",http://flowingdata.com/2012/03/08/the-personal-analytics-of-stephen-wolfram/,Self-surveillance,Thursday,2012,03,08,282,2,1,2012-03-08 21:58:10 UTC,7,2012-03-08 13:58:10 -0800,-8
flowingdata,"Who voted for Santorum and Romney",http://flowingdata.com/2012/03/09/who-voted-for-santorum-and-romney/,Statistical Visualization,Friday,2012,03,09,185,3,1,2012-03-09 20:33:31 UTC,3,2012-03-09 12:33:31 -0800,-8
flowingdata,"Geographic news coverage visualized",http://flowingdata.com/2012/03/09/geographic-news-coverage-visualized/,Data Art,Friday,2012,03,09,105,2,0,2012-03-09 08:52:39 UTC,1,2012-03-09 00:52:39 -0800,-8
flowingdata,"Generative art portrays beauty in movement",http://flowingdata.com/2012/03/12/generative-art-portrays-beauty-in-movement/,Data Art,Monday,2012,03,12,122,5,0,2012-03-12 10:32:13 UTC,6,2012-03-12 03:32:13 -0700,-7
flowingdata,"Geography of the basketball court",http://flowingdata.com/2012/03/12/geography-of-the-basketball-court/,Mapping,Monday,2012,03,12,212,3,1,2012-06-12 17:58:06 UTC,6,2012-06-12 10:58:06 -0700,-7
flowingdata,"Odds of losing in roulette",http://flowingdata.com/2012/03/13/odds-of-losing-in-roulette/,Statistical Visualization,Tuesday,2012,03,13,98,1,1,2012-03-13 08:05:59 UTC,2,2012-03-13 01:05:59 -0700,-7
flowingdata,"Personal map of 2.5m GPS data points, 3.5 years in the making",http://flowingdata.com/2012/03/14/personal-map-of-2-5m-gps-data-points-3-5-years-in-the-making/,Self-surveillance,Wednesday,2012,03,14,153,7,1,2012-03-14 09:20:01 UTC,8,2012-03-14 02:20:01 -0700,-7
flowingdata,"Character relationships in the Iliad",http://flowingdata.com/2012/03/14/character-relationships-in-the-iliad/,Network Visualization,Wednesday,2012,03,14,155,1,2,2012-03-14 07:44:17 UTC,10,2012-03-14 00:44:17 -0700,-7
flowingdata,"Comparing heritage in the Melting Pot",http://flowingdata.com/2012/03/15/comparing-heritage-in-the-melting-pot/,Mapping,Thursday,2012,03,15,95,1,1,2012-03-15 08:55:39 UTC,2,2012-03-15 01:55:39 -0700,-7
flowingdata,"March Madness power rankings",http://flowingdata.com/2012/03/16/march-madness-power-rankings/,Network Visualization,Friday,2012,03,16,128,3,1,2012-03-16 19:20:03 UTC,7,2012-03-16 12:20:03 -0700,-7
flowingdata,"New iPad battery size is huge",http://flowingdata.com/2012/03/16/new-ipad-battery-size-is-huge/,Mistaken Data,Friday,2012,03,16,36,1,1,2012-03-16 07:15:53 UTC,1,2012-03-16 00:15:53 -0700,-7
flowingdata,"History told with Oreo cookies",http://flowingdata.com/2012/03/16/history-told-with-oreo-cookies/,Miscellaneous,Friday,2012,03,16,38,2,1,2012-03-16 07:45:47 UTC,4,2012-03-16 00:45:47 -0700,-7
flowingdata,"Thank You, FlowingData Sponsors",http://flowingdata.com/2012/03/19/thank-you-flowingdata-sponsors-12/,Sponsors,Monday,2012,03,19,184,6,0,,,,
flowingdata,"Visualizing the History of Everything",http://flowingdata.com/2012/03/19/visualizing-the-history-of-everything/,Mapping,Monday,2012,03,19,153,2,1,2012-03-19 08:17:39 UTC,16,2012-03-19 01:17:39 -0700,-7
flowingdata,"Live Coding Implemented",http://flowingdata.com/2012/03/19/live-coding-implemented/,Coding,Monday,2012,03,19,104,4,1,2012-03-19 20:07:32 UTC,15,2012-03-19 13:07:32 -0700,-7
flowingdata,"Innovation History via 6,000 Pages of Annual Reports",http://flowingdata.com/2012/03/20/innovation-history-via-6000-pages-of-annual-reports/,Visualization,Tuesday,2012,03,20,170,3,1,2012-03-21 01:13:41 UTC,7,2012-03-20 18:13:41 -0700,-7
flowingdata,"Towards a Low-carbon World",http://flowingdata.com/2012/03/20/towards-a-low-carbon-world/,Statistical Visualization,Tuesday,2012,03,20,167,2,1,2012-03-20 18:14:45 UTC,3,2012-03-20 11:14:45 -0700,-7
flowingdata,"Evolution of the Hawaiian Star, 1893 to 1912",http://flowingdata.com/2012/03/20/evolution-of-the-hawaiian-star-1893-to-1912/,Visualization,Tuesday,2012,03,20,88,1,0,2012-03-20 16:09:48 UTC,1,2012-03-20 09:09:48 -0700,-7
flowingdata,"Watercolor Map Tiles",http://flowingdata.com/2012/03/21/watercolor-map-tiles/,Mapping,Wednesday,2012,03,21,98,3,1,2012-03-21 19:59:10 UTC,11,2012-03-21 12:59:10 -0700,-7
flowingdata,"Redefining NBA Basketball Positions",http://flowingdata.com/2012/03/21/redefining-nba-basketball-positions/,Network Visualization,Wednesday,2012,03,21,230,3,0,2012-03-21 07:41:40 UTC,9,2012-03-21 00:41:40 -0700,-7
flowingdata,"Incorrect",http://flowingdata.com/2012/03/22/incorrect/,Quotes,Thursday,2012,03,22,25,0,0,2012-03-22 07:57:58 UTC,1,2012-03-22 00:57:58 -0700,-7
flowingdata,"Freakonomics Critique and Rebuttal",http://flowingdata.com/2012/03/22/freakonomics-critique-and-rebuttal/,Statistics,Thursday,2012,03,22,417,8,0,2012-03-22 07:19:58 UTC,8,2012-03-22 00:19:58 -0700,-7
flowingdata,"Inception Explained in Animated Infographic",http://flowingdata.com/2012/03/23/inception-explained-in-animated-infographic/,Infographics,Friday,2012,03,23,62,4,1,2012-03-23 07:54:18 UTC,16,2012-03-23 00:54:18 -0700,-7
flowingdata,"How Simple Ideas Lead to Scientific Discoveries",http://flowingdata.com/2012/03/23/how-simple-ideas-lead-to-scientific-discoveries/,Miscellaneous,Friday,2012,03,23,28,0,0,2012-03-23 07:12:28 UTC,16,2012-03-23 00:12:28 -0700,-7
flowingdata,"What News Sites People are Reading, by State",http://flowingdata.com/2012/03/26/what-news-sites-people-are-reading-by-state/,Mapping,Monday,2012,03,26,168,1,1,2012-03-26 18:09:20 UTC,10,2012-03-26 11:09:20 -0700,-7
flowingdata,"Custom Woodcut Maps",http://flowingdata.com/2012/03/26/custom-woodcut-maps/,Mapping,Monday,2012,03,26,47,1,1,2012-03-26 07:31:22 UTC,7,2012-03-26 00:31:22 -0700,-7
flowingdata,"Perpetual Ocean",http://flowingdata.com/2012/03/27/perpetual-ocean/,Mapping,Tuesday,2012,03,27,57,2,0,2012-03-27 07:50:05 UTC,9,2012-03-27 00:50:05 -0700,-7
flowingdata,"Where Campaign Spending is Going to",http://flowingdata.com/2012/03/28/where-campaign-spending-is-going-to/,Network Visualization,Wednesday,2012,03,28,198,3,1,2012-03-28 07:55:26 UTC,4,2012-03-28 00:55:26 -0700,-7
flowingdata,"Live Wind Map Shows Flow Patterns",http://flowingdata.com/2012/03/28/live-wind-map-shows-flow-patterns/,Mapping,Wednesday,2012,03,28,94,3,1,2012-03-28 19:23:35 UTC,23,2012-03-28 12:23:35 -0700,-7
flowingdata,"Missing Pieces",http://flowingdata.com/2012/03/29/missing-pieces/,Self-surveillance,Thursday,2012,03,29,181,3,0,,,,
flowingdata,"Rising Water Levels in the Immediate Future",http://flowingdata.com/2012/03/29/rising-water-levels/,Mapping,Thursday,2012,03,29,162,4,1,,,,
flowingdata,"Timelines that are Easy to Make and Use",http://flowingdata.com/2012/03/29/timelines-that-are-easy-to-make-and-use/,Software,Thursday,2012,03,29,67,1,1,,,,
flowingdata,"How Much More Women Pay for Health Insurance",http://flowingdata.com/2012/03/30/how-much-more-women-pay-for-healthcare/,Mapping,Friday,2012,03,30,8,1,1,,,,
flowingdata,"8-bit Google Maps, Start Your Quest",http://flowingdata.com/2012/03/31/8-bit-google-maps-start-your-quest/,Mapping,Saturday,2012,03,31,89,3,1,2012-03-31 18:55:47 UTC,19,2012-03-31 11:55:47 -0700,-7
flowingdata,"GM Uses LEGOs for Visual Management Tool",http://flowingdata.com/2012/04/02/gm-uses-legos-for-visual-management-tool/,Visualization,Monday,2012,04,02,187,1,1,2012-04-02 16:45:35 UTC,10,2012-04-02 09:45:35 -0700,-7
flowingdata,"1940 Census Individual Records Released",http://flowingdata.com/2012/04/03/1940-census-individual-records-released/,Data Sources,Tuesday,2012,04,03,31,2,1,2012-04-03 08:12:18 UTC,4,2012-04-03 01:12:18 -0700,-7
flowingdata,"Fear of Big Brother and Government Surveys",http://flowingdata.com/2012/04/03/fear-of-big-brother-and-government-surveys/,Statistics,Tuesday,2012,04,03,407,6,0,2012-04-03 22:29:21 UTC,1,2012-04-03 15:29:21 -0700,-7
flowingdata,"Explore Geographic Coverage in Mapping Wikipedia",http://flowingdata.com/2012/04/04/explore-geographic-coverage-in-mapping-wikipedia/,Mapping,Wednesday,2012,04,04,196,4,1,2012-04-04 07:29:06 UTC,14,2012-04-04 00:29:06 -0700,-7
flowingdata,"Open thread: Are we drowning or swimming in data?",http://flowingdata.com/2012/04/05/open-thread-are-we-drowning-or-swimming-in-data/,Discussion,Thursday,2012,04,05,113,1,0,2012-04-05 20:09:22 UTC,5,2012-04-05 13:09:22 -0700,-7
flowingdata,"What a Pound of Change is Worth",http://flowingdata.com/2012/04/05/what-a-pound-of-change-is-worth/,Statistics,Thursday,2012,04,05,175,1,1,2012-04-05 08:05:50 UTC,2,2012-04-05 01:05:50 -0700,-7
flowingdata,"Conducting Demystified",http://flowingdata.com/2012/04/06/conducting-demystified/,Infographics,Friday,2012,04,06,109,2,1,2012-04-06 16:52:02 UTC,7,2012-04-06 09:52:02 -0700,-7
flowingdata,"The Accidental Statistician",http://flowingdata.com/2012/04/06/the-accidental-statistician/,Statistics,Friday,2012,04,06,261,3,0,2012-04-06 07:31:10 UTC,13,2012-04-06 00:31:10 -0700,-7
flowingdata,"Metal bands per capita",http://flowingdata.com/2012/04/09/metal-bands-per-capita/,Mapping,Monday,2012,04,09,24,1,0,2012-04-09 07:17:46 UTC,17,2012-04-09 00:17:46 -0700,-7
flowingdata,"Under the Sea, Under the Sea",http://flowingdata.com/2012/04/09/under-the-sea-under-the-sea/,Infographics,Monday,2012,04,09,26,1,0,2012-04-09 19:06:41 UTC,1,2012-04-09 12:06:41 -0700,-7
flowingdata,"How businesses approach infographics",http://flowingdata.com/2012/04/10/how-businesses-approach-infographics/,Design,Tuesday,2012,04,10,187,1,0,2012-04-10 16:50:49 UTC,8,2012-04-10 09:50:49 -0700,-7
flowingdata,"How recruiters look at your resume",http://flowingdata.com/2012/04/11/how-recruiters-look-at-your-resume/,Statistical Visualization,Wednesday,2012,04,11,228,6,1,2012-04-11 07:48:10 UTC,34,2012-04-11 00:48:10 -0700,-7
flowingdata,"Too many axes",http://flowingdata.com/2012/04/11/too-many-axes/,Design,Wednesday,2012,04,11,131,1,0,2012-04-11 17:18:37 UTC,0,2012-04-11 10:18:37 -0700,-7
flowingdata,"A century of ocean shipping animated",http://flowingdata.com/2012/04/12/a-century-of-ocean-shipping-animated/,Mapping,Thursday,2012,04,12,226,5,0,2012-04-12 07:37:18 UTC,20,2012-04-12 00:37:18 -0700,-7
flowingdata,"Interactive Islands of Mankind",http://flowingdata.com/2012/04/16/interactive-islands-of-mankind/,Mapping,Monday,2012,04,16,135,7,1,2012-04-16 08:42:19 UTC,8,2012-04-16 01:42:19 -0700,-7
flowingdata,"Graphs, from paper to pixels",http://flowingdata.com/2012/04/17/graphs-from-paper-to-pixels/,Visualization,Tuesday,2012,04,17,135,1,0,2012-04-17 10:37:57 UTC,3,2012-04-17 03:37:57 -0700,-7
flowingdata,"Why $1m Netflix algorithm never went to production",http://flowingdata.com/2012/04/17/why-1m-netflix-algorithm-never-went-to-production/,Statistics,Tuesday,2012,04,17,167,4,0,,,,
flowingdata,"Explore the Solar System like your backyard",http://flowingdata.com/2012/04/17/explore-the-solar-system-like-your-backyard/,Mapping,Tuesday,2012,04,17,138,2,0,2012-04-17 17:32:01 UTC,9,2012-04-17 10:32:01 -0700,-7
flowingdata,"Hans Rosling makes Time 100 Most Influential",http://flowingdata.com/2012/04/18/hans-rosling-makes-time-100-most-influential/,Statistics,Wednesday,2012,04,18,94,2,1,,,,
flowingdata,"Tracking drought in the US",http://flowingdata.com/2012/04/18/tracking-drought-in-the-us/,Mapping,Wednesday,2012,04,18,130,2,1,2012-04-18 07:48:51 UTC,4,2012-04-18 00:48:51 -0700,-7
flowingdata,"Gimme my data",http://flowingdata.com/2012/04/18/gimme-my-data/,News,Wednesday,2012,04,18,243,1,0,2012-04-18 18:45:45 UTC,19,2012-04-18 11:45:45 -0700,-7
flowingdata,"Live flight tracking site shows crash of circling plane",http://flowingdata.com/2012/04/19/live-flight-tracking-site-shows-crash-of-circling-plane/,Mapping,Thursday,2012,04,19,131,3,1,2012-04-19 18:15:03 UTC,10,2012-04-19 11:15:03 -0700,-7
flowingdata,"Pancake Venn",http://flowingdata.com/2012/04/19/pancake-venn/,Miscellaneous,Thursday,2012,04,19,13,2,1,2012-04-19 15:26:57 UTC,20,2012-04-19 08:26:57 -0700,-7
flowingdata,"Mad Men as thousands download via bittorrent",http://flowingdata.com/2012/04/20/mad-men-as-thousands-download-via-bittorrent/,Data Art,Friday,2012,04,20,129,2,0,,,,
flowingdata,"Analysis versus storytelling",http://flowingdata.com/2012/04/23/analysis-versus-storytelling/,Design,Monday,2012,04,23,192,1,0,,,,
flowingdata,"More on the pay gap graphic",http://flowingdata.com/2012/04/23/more-on-the-pay-gap-graphic/,Projects,Monday,2012,04,23,425,9,1,2012-04-24 04:54:22 UTC,6,2012-04-23 21:54:22 -0700,-7
flowingdata,"Miso: An open source toolkit for data visualisation",http://flowingdata.com/2012/04/23/miso-an-open-source-toolkit-for-data-visualisation/,Software,Monday,2012,04,23,227,4,1,2012-04-23 07:38:54 UTC,37,2012-04-23 00:38:54 -0700,-7
flowingdata,"Urban datasexual",http://flowingdata.com/2012/04/24/urban-datasexual/,Self-surveillance,Tuesday,2012,04,24,136,2,0,,,,
flowingdata,"World Happiness Report makes statisticians unhappy",http://flowingdata.com/2012/04/25/world-happiness-report-makes-statisticians-unhappy/,Ugly Charts,Wednesday,2012,04,25,223,3,2,2012-04-25 09:21:29 UTC,17,2012-04-25 02:21:29 -0700,-7
flowingdata,"Learning data visualization",http://flowingdata.com/2012/04/25/learning-data-visualization/,Visualization,Wednesday,2012,04,25,200,5,1,2012-04-25 07:36:53 UTC,16,2012-04-25 00:36:53 -0700,-7
flowingdata,"Eating healthiness mapped over 24 hours",http://flowingdata.com/2012/04/26/eating-healthiness-over-24-hours/,Mapping,Thursday,2012,04,26,97,3,1,,,,
flowingdata,"Data and visualization blogs worth following",http://flowingdata.com/2012/04/27/data-and-visualization-blogs-worth-following/,Visualization,Friday,2012,04,27,522,43,0,2012-04-27 07:57:39 UTC,77,2012-04-27 00:57:39 -0700,-7
flowingdata,"Open source Data Journalism Handbook launched",http://flowingdata.com/2012/04/30/open-source-data-journalism-handbook-launched/,News,Monday,2012,04,30,151,1,1,2012-04-30 07:58:15 UTC,29,2012-04-30 00:58:15 -0700,-7
flowingdata,"Easter spending patterns in Spain, animated",http://flowingdata.com/2012/04/30/easter-spending-patterns-in-spain-animated/,Mapping,Monday,2012,04,30,101,3,0,2012-04-30 07:22:36 UTC,6,2012-04-30 00:22:36 -0700,-7
flowingdata,"Why the American Community Survey is worth keeping",http://flowingdata.com/2012/05/10/why-the-american-community-survey-is-worth-keeping/,Statistics,Thursday,2012,05,10,190,1,0,,,,
flowingdata,"House votes to cut the American Community Survey",http://flowingdata.com/2012/05/10/house-votes-to-cut-the-american-community-survey/,Statistics,Thursday,2012,05,10,137,2,0,,,,
flowingdata,"Stop motion music video",http://flowingdata.com/2012/05/11/stop-motion-music-video/,Data Art,Friday,2012,05,11,13,1,0,,,,
flowingdata,"TV anachronisms",http://flowingdata.com/2012/05/11/tv-anachronisms/,Statistics,Friday,2012,05,11,206,4,1,,,,
flowingdata,"Automated infographics with easel.ly",http://flowingdata.com/2012/05/13/automated-infographics-with-easel-ly/,Online Applications,Sunday,2012,05,13,205,1,1,2012-05-14 06:19:54 UTC,18,2012-05-13 23:19:54 -0700,-7
flowingdata,"A Future Without Key Social and Economic Statistics for the Country",http://flowingdata.com/2012/05/13/a-future-without-key-social-and-economic-statistics-for-the-country/,Data Sources,Sunday,2012,05,13,195,1,0,,,,
flowingdata,"Global shipping network",http://flowingdata.com/2012/05/14/global-shipping-network/,Mapping,Monday,2012,05,14,136,2,1,2012-05-14 18:55:06 UTC,11,2012-05-14 11:55:06 -0700,-7
flowingdata,"ITP Spring Show: Iraq war and diabetes visualizations",http://flowingdata.com/2012/05/15/itp-spring-show-iraq-war-and-diabetes-visualizations/,Infographics,Tuesday,2012,05,15,197,3,1,2012-05-15 10:15:25 UTC,1,2012-05-15 03:15:25 -0700,-7
flowingdata,"Welcome Kim Rees",http://flowingdata.com/2012/05/15/welcome-kim-rees/,Announcements,Tuesday,2012,05,15,76,2,0,,,,
flowingdata,"The Descriptive Camera",http://flowingdata.com/2012/05/16/the-descriptive-camera/,Data Art,Wednesday,2012,05,16,280,4,1,2012-05-16 16:42:47 UTC,1,2012-05-16 09:42:47 -0700,-7
flowingdata,"What is missing?",http://flowingdata.com/2012/05/16/what-is-missing/,Mapping,Wednesday,2012,05,16,267,3,1,2012-05-16 07:10:31 UTC,1,2012-05-16 00:10:31 -0700,-7
flowingdata,"Montana can’t sleep",http://flowingdata.com/2012/05/17/montana-cant-sleep/,Mapping,Thursday,2012,05,17,68,3,1,2012-05-17 16:24:45 UTC,3,2012-05-17 09:24:45 -0700,-7
flowingdata,"Why are so many men pregnant?",http://flowingdata.com/2012/05/17/why-are-so-many-men-pregnant/,Mistaken Data,Thursday,2012,05,17,134,2,0,2012-05-17 07:01:41 UTC,12,2012-05-17 00:01:41 -0700,-7
flowingdata,"The Facebook Offering: How It Compares",http://flowingdata.com/2012/05/18/the-facebook-offering-how-it-compares/,Visualization,Friday,2012,05,18,89,2,1,2012-05-18 07:01:30 UTC,4,2012-05-18 00:01:30 -0700,-7
flowingdata,"Is the filibuster unconstitutional?",http://flowingdata.com/2012/05/18/is-the-filibuster-unconstitutional/,Infographics,Friday,2012,05,18,79,5,1,2012-05-18 13:02:28 UTC,2,2012-05-18 06:02:28 -0700,-7
flowingdata,"Good use of pie charts",http://flowingdata.com/2012/05/19/good-use-of-pie-charts/,Infographics,Saturday,2012,05,19,112,2,1,2012-05-21 07:01:57 UTC,8,2012-05-21 00:01:57 -0700,-7
flowingdata,"Relational ornaments",http://flowingdata.com/2012/05/20/relational-ornaments/,Data Art,Sunday,2012,05,20,112,2,1,2012-05-20 08:33:51 UTC,4,2012-05-20 01:33:51 -0700,-7
flowingdata,"The U.K. energy consumption guide",http://flowingdata.com/2012/05/21/the-u-k-energy-consumption-guide/,Statistical Visualization,Monday,2012,05,21,110,3,1,2012-05-21 14:11:35 UTC,5,2012-05-21 07:11:35 -0700,-7
flowingdata,"Not so good use of pie charts",http://flowingdata.com/2012/05/21/not-so-good-use-of-pie-charts/,Visualization,Monday,2012,05,21,246,2,1,2012-05-21 07:01:57 UTC,8,2012-05-21 00:01:57 -0700,-7
flowingdata,"Updated OECD Better Life index",http://flowingdata.com/2012/05/22/updated-oecd-better-life-index/,Visualization,Tuesday,2012,05,22,194,5,2,2012-05-22 11:01:39 UTC,8,2012-05-22 04:01:39 -0700,-7
flowingdata,"Data visualization doesn’t matter",http://flowingdata.com/2012/05/22/24392/,Discussion,Tuesday,2012,05,22,184,1,0,2012-05-22 07:01:12 UTC,5,2012-05-22 00:01:12 -0700,-7
flowingdata,"Venn pie-agrams",http://flowingdata.com/2012/05/23/venn-pie-agrams/,Software,Wednesday,2012,05,23,115,1,1,2012-05-23 07:01:49 UTC,3,2012-05-23 00:01:49 -0700,-7
flowingdata,"Manuel Lima’s animated talk",http://flowingdata.com/2012/05/23/manuel-limas-animated-talk/,Network Visualization,Wednesday,2012,05,23,152,3,1,2012-05-23 07:01:13 UTC,3,2012-05-23 00:01:13 -0700,-7
flowingdata,"Image compositing in TileMill",http://flowingdata.com/2012/05/24/image-compositing-in-tilemill/,Mapping,Thursday,2012,05,24,100,3,1,2012-05-24 07:13:26 UTC,9,2012-05-24 00:13:26 -0700,-7
flowingdata,"Which nations consume the most water?",http://flowingdata.com/2012/05/25/which-nations-consume-the-most-water/,Infographics,Friday,2012,05,25,131,2,1,2012-05-25 08:50:28 UTC,14,2012-05-25 01:50:28 -0700,-7
flowingdata,"More infographic software",http://flowingdata.com/2012/05/25/more-infographic-software/,Online Applications,Friday,2012,05,25,253,7,1,2012-05-25 07:07:09 UTC,8,2012-05-25 00:07:09 -0700,-7
flowingdata,"Tornado tracks",http://flowingdata.com/2012/05/26/tornado-tracks/,Mapping,Saturday,2012,05,26,79,4,1,2012-05-26 07:34:28 UTC,9,2012-05-26 00:34:28 -0700,-7
flowingdata,"Even simple charts can tell a story",http://flowingdata.com/2012/05/26/even-simple-charts-can-tell-a-story/,Statistical Visualization,Saturday,2012,05,26,187,3,2,2012-05-26 07:17:46 UTC,21,2012-05-26 00:17:46 -0700,-7
flowingdata,"Thoughts on the HCIL symposium",http://flowingdata.com/2012/05/27/thoughts-on-the-hcil-symposium/,News,Sunday,2012,05,27,344,11,1,2012-05-27 07:12:04 UTC,5,2012-05-27 00:12:04 -0700,-7
flowingdata,"Network diagrams simplified",http://flowingdata.com/2012/05/28/network-diagrams-simplified/,Network Visualization,Monday,2012,05,28,149,5,1,2012-05-28 07:18:06 UTC,16,2012-05-28 00:18:06 -0700,-7
flowingdata,"New open data platform launches",http://flowingdata.com/2012/05/29/new-open-data-platform-launches/,Software,Tuesday,2012,05,29,163,2,1,2012-05-29 13:00:44 UTC,7,2012-05-29 06:00:44 -0700,-7
flowingdata,"Sky map",http://flowingdata.com/2012/05/29/sky-map/,Mapping,Tuesday,2012,05,29,100,4,1,2012-05-29 07:14:36 UTC,5,2012-05-29 00:14:36 -0700,-7
flowingdata,"I’m Back",http://flowingdata.com/2012/05/30/im-back/,Announcements,Wednesday,2012,05,30,68,2,0,2012-05-30 14:18:50 UTC,1,2012-05-30 07:18:50 -0700,-7
flowingdata,"Walt Disney: Story of Menstruation",http://flowingdata.com/2012/05/30/walt-disney-story-of-menstruation/,Infographics,Wednesday,2012,05,30,11,1,0,2012-05-30 15:44:37 UTC,9,2012-05-30 08:44:37 -0700,-7
flowingdata,"Hans Rosling one-minute TED talk",http://flowingdata.com/2012/05/30/hans-rosling-one-minute-ted-talk/,Statistics,Wednesday,2012,05,30,24,1,0,2012-05-30 17:38:38 UTC,15,2012-05-30 10:38:38 -0700,-7
flowingdata,"Meshu makes physical objects with your location",http://flowingdata.com/2012/05/30/meshu-makes-physical-objects-with-your-location/,Data Art,Wednesday,2012,05,30,121,1,1,2012-05-30 21:50:36 UTC,3,2012-05-30 14:50:36 -0700,-7
flowingdata,"America Revealed on PBS",http://flowingdata.com/2012/05/30/america-revealed/,Mapping,Wednesday,2012,05,30,111,4,0,2012-05-31 00:50:54 UTC,4,2012-05-30 17:50:54 -0700,-7
flowingdata,"Typewriter installation remembers killed journalists",http://flowingdata.com/2012/05/31/typewriter-installation-remembers-killed-journalists/,Data Art,Thursday,2012,05,31,101,2,1,2012-05-31 13:53:53 UTC,5,2012-05-31 06:53:53 -0700,-7
flowingdata,"Reverse engineering targeted emails from 2012 Campaign",http://flowingdata.com/2012/05/31/reverse-engineering-targeted-emails-from-2012-campaign/,Statistics,Thursday,2012,05,31,183,3,0,2012-05-31 15:34:05 UTC,3,2012-05-31 08:34:05 -0700,-7
flowingdata,"Tennis racket mountain range chart",http://flowingdata.com/2012/06/01/tennis-racket-mountain-range/,Miscellaneous,Friday,2012,06,01,21,3,1,,,,
flowingdata,"Resources for Getting Started with R",http://flowingdata.com/2012/06/04/resources-for-getting-started-with-r/,Software,Monday,2012,06,04,593,14,1,2012-06-04 10:21:16 UTC,35,2012-06-04 03:21:16 -0700,-7
flowingdata,"Political allegiance via wireless network SSIDs, mapped",http://flowingdata.com/2012/06/05/political-allegiance-via-wireless-network-ssids-mapped/,Mapping,Tuesday,2012,06,05,230,1,1,2012-06-05 07:11:58 UTC,6,2012-06-05 00:11:58 -0700,-7
flowingdata,"Geography of incarceration",http://flowingdata.com/2012/06/06/geography-of-incarceration/,Mapping,Wednesday,2012,06,06,148,1,1,2012-06-06 07:30:18 UTC,3,2012-06-06 00:30:18 -0700,-7
flowingdata,"Income inequality seen in satellite images from Google Earth",http://flowingdata.com/2012/06/06/income-inequality-seen-in-satellite-images-from-google-earth/,Mapping,Wednesday,2012,06,06,233,5,1,2012-06-06 11:45:45 UTC,13,2012-06-06 04:45:45 -0700,-7
flowingdata,"Overfishing visually explained",http://flowingdata.com/2012/06/06/overfishing-visually-explained/,Infographics,Wednesday,2012,06,06,80,2,0,2012-06-06 07:58:43 UTC,6,2012-06-06 00:58:43 -0700,-7
flowingdata,"Fat and calories depicted in food pictures",http://flowingdata.com/2012/06/07/fat-and-calories-depicted-in-food-pictures/,Infographics,Thursday,2012,06,07,163,1,1,2012-06-07 07:29:17 UTC,5,2012-06-07 00:29:17 -0700,-7
flowingdata,"Always label your axes",http://flowingdata.com/2012/06/07/always-label-your-axes/,Miscellaneous,Thursday,2012,06,07,175,1,1,2012-06-07 07:08:59 UTC,17,2012-06-07 00:08:59 -0700,-7
flowingdata,"Flowchart: Connections in Stephen King novels",http://flowingdata.com/2012/06/08/flowchart-connections-in-stephen-king-novels/,Network Visualization,Friday,2012,06,08,15,1,1,2012-06-08 15:25:42 UTC,4,2012-06-08 08:25:42 -0700,-7
flowingdata,"Losing American Community Survey would be ‘disastrous’",http://flowingdata.com/2012/06/11/losing-american-community-survey-would-be-disastrous/,Data Sources,Monday,2012,06,11,33,1,0,2012-06-11 11:00:36 UTC,12,2012-06-11 04:00:36 -0700,-7
flowingdata,"When the world sleeps, based on Twitter activity",http://flowingdata.com/2012/06/11/when-the-world-sleeps-based-on-twitter-activity/,Statistical Visualization,Monday,2012,06,11,118,1,1,2012-06-11 14:13:05 UTC,23,2012-06-11 07:13:05 -0700,-7
flowingdata,"Geography of the basketball court, interactive edition",http://flowingdata.com/2012/06/12/geography-of-the-basketball-court-interactive-edition/,Mapping,Tuesday,2012,06,12,187,3,2,2012-06-12 17:58:06 UTC,6,2012-06-12 10:58:06 -0700,-7
flowingdata,"Working in America over the decades",http://flowingdata.com/2012/06/12/working-in-america-over-the-decades/,Infographics,Tuesday,2012,06,12,193,1,2,2012-06-12 07:45:45 UTC,2,2012-06-12 00:45:45 -0700,-7
flowingdata,"Evolution of movie poster colors",http://flowingdata.com/2012/06/13/evolution-of-movie-poster-colors/,Statistical Visualization,Wednesday,2012,06,13,165,5,1,2012-06-13 17:44:06 UTC,10,2012-06-13 10:44:06 -0700,-7
flowingdata,"Network of data visualization references",http://flowingdata.com/2012/06/13/network-of-data-visualization-references/,Network Visualization,Wednesday,2012,06,13,161,1,2,2012-06-13 07:20:43 UTC,9,2012-06-13 00:20:43 -0700,-7
flowingdata,"River flow simulation",http://flowingdata.com/2012/06/14/river-flow-simulation/,Data Art,Thursday,2012,06,14,259,4,1,2012-06-14 07:54:09 UTC,6,2012-06-14 00:54:09 -0700,-7
flowingdata,"Profile of the Facebook Data Science Team",http://flowingdata.com/2012/06/14/profile-of-facebook-data-science-team/,Statistics,Thursday,2012,06,14,158,1,0,,,,
flowingdata,"Art using inlaid maps",http://flowingdata.com/2012/06/15/art-using-inlaid-maps/,Data Art,Friday,2012,06,15,17,2,1,2012-06-15 17:13:23 UTC,16,2012-06-15 10:13:23 -0700,-7
flowingdata,"This American Life on Blackjack",http://flowingdata.com/2012/06/15/this-american-life-on-blackjack/,Statistics,Friday,2012,06,15,71,1,0,,,,
flowingdata,"Toronto subway map, Super Mario 3 style",http://flowingdata.com/2012/06/18/toronto-subway-map-super-mario-3-style/,Mapping,Monday,2012,06,18,24,3,1,2012-06-18 07:08:15 UTC,28,2012-06-18 00:08:15 -0700,-7
flowingdata,"Why robbing banks for a living is a bad idea",http://flowingdata.com/2012/06/18/why-robbing-banks-for-a-living-is-a-bad-idea/,Statistics,Monday,2012,06,18,280,2,0,2012-06-18 11:24:53 UTC,17,2012-06-18 04:24:53 -0700,-7
flowingdata,"Spaceships drawn to scale",http://flowingdata.com/2012/06/19/spaceships-drawn-to-scale/,Infographics,Tuesday,2012,06,19,93,2,1,2012-06-19 11:33:17 UTC,11,2012-06-19 04:33:17 -0700,-7
flowingdata,"Road trip planner with weather forecasts",http://flowingdata.com/2012/06/19/road-trip-planner-with-weather-forecasts/,Mapping,Tuesday,2012,06,19,193,2,1,2012-06-19 07:45:42 UTC,6,2012-06-19 00:45:42 -0700,-7
flowingdata,"World sentiment mapped, based on Wikipedia",http://flowingdata.com/2012/06/20/world-sentiment-mapped-based-on-wikipedia/,Mapping,Wednesday,2012,06,20,120,2,0,2012-06-20 07:56:13 UTC,12,2012-06-20 00:56:13 -0700,-7
flowingdata,"Analysis of chords used in popular songs",http://flowingdata.com/2012/06/20/analysis-of-chords-used-in-popular-songs/,Statistics,Wednesday,2012,06,20,127,3,1,2012-06-20 11:30:59 UTC,12,2012-06-20 04:30:59 -0700,-7
flowingdata,"Synchronized Swimming in Data and the Water Metaphor",http://flowingdata.com/2012/06/21/synchronized-swimming-in-data-and-the-water-metaphor/,Statistics,Thursday,2012,06,21,394,0,0,2012-06-21 10:01:20 UTC,6,2012-06-21 03:01:20 -0700,-7
flowingdata,"Bourdieu’s Food Space chart, from fast food to French Laundry",http://flowingdata.com/2012/06/21/bourdieus-food-space-chart-from-fast-food-to-french-laundry/,Infographics,Thursday,2012,06,21,41,1,1,2012-06-21 15:53:00 UTC,4,2012-06-21 08:53:00 -0700,-7
flowingdata,"Pulp Fiction presented in chronological order",http://flowingdata.com/2012/06/22/pulp-fiction-presented-in-chronological-order/,Infographics,Friday,2012,06,22,10,1,0,2012-06-22 07:49:40 UTC,24,2012-06-22 00:49:40 -0700,-7
flowingdata,"857 empty desks on National Mall used to represent high school drop-outs",http://flowingdata.com/2012/06/22/empty-desks-on-national-mall-represent-high-school-drop-outs/,Data Art,Friday,2012,06,22,50,3,0,,,,
flowingdata,"Endangered languages project",http://flowingdata.com/2012/06/25/endangered-languages-project/,Mapping,Monday,2012,06,25,146,1,1,2012-06-25 15:53:36 UTC,9,2012-06-25 08:53:36 -0700,-7
flowingdata,"Chart Chooser helps you choose charts",http://flowingdata.com/2012/06/25/chart-chooser-helps-you-choose-charts/,Statistical Visualization,Monday,2012,06,25,154,2,1,2012-06-25 16:19:24 UTC,17,2012-06-25 09:19:24 -0700,-7
flowingdata,"Commute times in your area, mapped",http://flowingdata.com/2012/06/26/commute-times-in-your-area-mapped/,Mapping,Tuesday,2012,06,26,232,1,1,2012-06-26 07:18:59 UTC,8,2012-06-26 00:18:59 -0700,-7
flowingdata,"An interactive view of star constellations",http://flowingdata.com/2012/06/27/an-interactive-view-of-star-constellations/,Mapping,Wednesday,2012,06,27,126,2,1,2012-06-27 07:30:29 UTC,11,2012-06-27 00:30:29 -0700,-7
flowingdata,"Stars in the zodiac constellations, from Earth and space",http://flowingdata.com/2012/06/27/stars-in-the-zodiac-constellations-from-earth-and-space/,Mapping,Wednesday,2012,06,27,130,2,1,,,,
flowingdata,"Infographic essay on the meaning of life",http://flowingdata.com/2012/06/28/infographic-essay-on-the-meaning-of-life/,Data Art,Thursday,2012,06,28,68,3,0,2012-06-28 16:22:01 UTC,8,2012-06-28 09:22:01 -0700,-7
flowingdata,"Side-by-side comparisons for Australian Census",http://flowingdata.com/2012/06/28/side-by-side-comparisons-for-australian-census/,Statistical Visualization,Thursday,2012,06,28,91,2,1,2012-06-28 07:54:53 UTC,3,2012-06-28 00:54:53 -0700,-7
flowingdata,"The Louis C.K. pain chart",http://flowingdata.com/2012/06/29/the-louis-c-k-pain-chart/,Infographics,Friday,2012,06,29,47,1,1,2012-06-29 16:27:33 UTC,4,2012-06-29 09:27:33 -0700,-7
flowingdata,"Growth of the basketball uniform",http://flowingdata.com/2012/06/29/growth-of-the-basketball-uniform/,Infographics,Friday,2012,06,29,132,1,1,2012-06-29 07:34:10 UTC,7,2012-06-29 00:34:10 -0700,-7
flowingdata,"A graphical summary of Euro 2012 on Twitter",http://flowingdata.com/2012/07/02/a-graphical-summary-of-euro-2012-on-twitter/,Statistical Visualization,Monday,2012,07,02,95,1,1,,,,
flowingdata,"How long it takes to get pregnant",http://flowingdata.com/2012/07/03/how-long-it-takes-to-get-pregnant/,Statistics,Tuesday,2012,07,03,173,2,1,2012-07-03 07:37:46 UTC,3,2012-07-03 00:37:46 -0700,-7
flowingdata,"Infographics are like Mother’s Day cards",http://flowingdata.com/2012/07/04/infographics-are-like-mothers-day-cards/,Design,Wednesday,2012,07,04,265,1,0,2012-07-04 07:49:37 UTC,3,2012-07-04 00:49:37 -0700,-7
flowingdata,"The Higgs Boson explained by PhD Comics",http://flowingdata.com/2012/07/04/higgs-boson-explained-by-phd-comics/,Infographics,Wednesday,2012,07,04,29,1,0,,,,
flowingdata,"Age range of US Olympic athletes, by sport",http://flowingdata.com/2012/07/05/age-range-of-us-olympic-athletes-by-sport/,Statistical Visualization,Thursday,2012,07,05,183,2,1,2012-07-05 15:46:05 UTC,3,2012-07-05 08:46:05 -0700,-7
flowingdata,"Beer versus church mapped",http://flowingdata.com/2012/07/06/beer-versus-church-mapped/,Mapping,Friday,2012,07,06,185,3,1,2012-07-06 07:55:30 UTC,20,2012-07-06 00:55:30 -0700,-7
flowingdata,"A year of global cloud coverage",http://flowingdata.com/2012/07/06/a-year-of-global-cloud-coverage/,Mapping,Friday,2012,07,06,90,4,1,2012-07-06 17:11:59 UTC,10,2012-07-06 10:11:59 -0700,-7
flowingdata,"Mitt Romney pseudo-venn diagram, used incorrectly",http://flowingdata.com/2012/07/08/mitt-romney-venn-diagram-on-promise-gap/,Mistaken Data,Sunday,2012,07,08,51,1,1,,,,
flowingdata,"Soda versus pop on Twitter",http://flowingdata.com/2012/07/09/soda-versus-pop-on-twitter/,Statistics,Monday,2012,07,09,128,3,1,2012-07-09 08:56:30 UTC,7,2012-07-09 01:56:30 -0700,-7
flowingdata,"Evolution of the Formula One car, animated",http://flowingdata.com/2012/07/09/evolution-of-the-formula-one-car-animated/,Infographics,Monday,2012,07,09,84,3,1,2012-07-09 07:34:57 UTC,16,2012-07-09 00:34:57 -0700,-7
flowingdata,"Sonification of Stanley Cup goals",http://flowingdata.com/2012/07/10/sonification-of-stanley-cup-goals/,Data Art,Tuesday,2012,07,10,93,1,0,2012-07-10 07:22:43 UTC,2,2012-07-10 00:22:43 -0700,-7
flowingdata,"Where you measure up against Olympians",http://flowingdata.com/2012/07/11/where-you-measure-up-against-olympians/,Statistical Visualization,Wednesday,2012,07,11,114,3,1,2012-07-11 07:09:15 UTC,3,2012-07-11 00:09:15 -0700,-7
flowingdata,"Map of the underwater Internet",http://flowingdata.com/2012/07/11/map-of-the-underwater-internet/,Mapping,Wednesday,2012,07,11,88,2,1,2012-07-11 23:25:33 UTC,26,2012-07-11 16:25:33 -0700,-7
flowingdata,"The future of maps isn’t maps",http://flowingdata.com/2012/07/12/the-future-of-maps-isnt-maps/,Mapping,Thursday,2012,07,12,152,1,0,2012-07-12 10:40:54 UTC,24,2012-07-12 03:40:54 -0700,-7
flowingdata,"Data plural versus data singular",http://flowingdata.com/2012/07/12/data-plural-versus-data-singular/,Statistics,Thursday,2012,07,12,181,3,0,2012-07-12 14:01:14 UTC,7,2012-07-12 07:01:14 -0700,-7
flowingdata,"Olympian age distributions compared",http://flowingdata.com/2012/07/13/olympian-age-distributions-compared/,Statistical Visualization,Friday,2012,07,13,118,3,1,2012-07-13 16:18:29 UTC,6,2012-07-13 09:18:29 -0700,-7
flowingdata,"Browse the web of Wikipedia with Wikiweb iPad app",http://flowingdata.com/2012/07/16/browse-the-web-of-wikipedia-with-wikiweb-ipad-app/,Network Visualization,Monday,2012,07,16,66,3,0,2012-07-16 09:16:19 UTC,1,2012-07-16 02:16:19 -0700,-7
flowingdata,"Graphing every idea in history",http://flowingdata.com/2012/07/16/graphing-every-idea-in-history/,Network Visualization,Monday,2012,07,16,124,4,1,2012-07-16 07:36:53 UTC,27,2012-07-16 00:36:53 -0700,-7
flowingdata,"Charts describe love and relationships",http://flowingdata.com/2012/07/17/charts-describe-love-and-relationships/,Data Art,Tuesday,2012,07,17,47,3,1,2012-07-17 07:19:47 UTC,6,2012-07-17 00:19:47 -0700,-7
flowingdata,"How consumers suck at math",http://flowingdata.com/2012/07/18/how-consumers-suck-at-math/,Statistics,Wednesday,2012,07,18,193,1,0,2012-07-18 11:11:10 UTC,13,2012-07-18 04:11:10 -0700,-7
flowingdata,"Stop-and-frisk hotspots mapped",http://flowingdata.com/2012/07/18/stop-and-frisk-hotspots-mapped/,Mapping,Wednesday,2012,07,18,202,2,1,2012-07-18 10:49:13 UTC,6,2012-07-18 03:49:13 -0700,-7
flowingdata,"Eyeo Festival talks online",http://flowingdata.com/2012/07/19/eyeo-festival-talks-online/,Visualization,Thursday,2012,07,19,99,2,0,2012-07-19 07:07:31 UTC,5,2012-07-19 00:07:31 -0700,-7
flowingdata,"Flowchart: Defend yourself against witchcraft accusations",http://flowingdata.com/2012/07/20/flowchart-defend-yourself-against-witchcraft-accusations/,Miscellaneous,Friday,2012,07,20,44,3,1,2012-07-20 07:38:02 UTC,8,2012-07-20 00:38:02 -0700,-7
flowingdata,"Film titles street map",http://flowingdata.com/2012/07/20/film-titles-street-map/,Miscellaneous,Friday,2012,07,20,95,2,1,2012-07-20 09:26:08 UTC,4,2012-07-20 02:26:08 -0700,-7
flowingdata,"Typographic superheroes",http://flowingdata.com/2012/07/23/typographic-superheroes/,Miscellaneous,Monday,2012,07,23,30,1,1,2012-07-23 22:25:56 UTC,4,2012-07-23 15:25:56 -0700,-7
flowingdata,"Life expectancy and child poverty as a tube map",http://flowingdata.com/2012/07/23/live-expectancy-and-child-poverty-as-a-tube-map/,Mapping,Monday,2012,07,23,167,3,1,,,,
flowingdata,"Computing for data analysis",http://flowingdata.com/2012/07/24/computing-for-data-analysis-2/,Statistics,Tuesday,2012,07,24,77,3,0,2012-07-24 09:13:07 UTC,10,2012-07-24 02:13:07 -0700,-7
flowingdata,"Great Lakes currents map",http://flowingdata.com/2012/07/25/great-lakes-currents-map/,Mapping,Wednesday,2012,07,25,134,3,1,2012-07-25 10:36:03 UTC,9,2012-07-25 03:36:03 -0700,-7
flowingdata,"Tracking the spread of AIDS",http://flowingdata.com/2012/07/26/tracking-the-spread-of-aids/,Statistical Visualization,Thursday,2012,07,26,152,2,1,2012-07-26 07:54:49 UTC,3,2012-07-26 00:54:49 -0700,-7
flowingdata,"From statistics to data science, and vice versa",http://flowingdata.com/2012/07/26/from-statistics-to-data-science-and-vice-versa/,Statistics,Thursday,2012,07,26,243,1,0,2012-07-26 09:14:39 UTC,16,2012-07-26 02:14:39 -0700,-7
flowingdata,"Swimsuit technology and breaking world records",http://flowingdata.com/2012/07/26/swimsuit-technology-and-breaking-world-records/,Infographics,Thursday,2012,07,26,347,2,1,2012-07-26 17:26:11 UTC,8,2012-07-26 10:26:11 -0700,-7
flowingdata,"Was an Olympic record set today?",http://flowingdata.com/2012/07/27/was-an-olympic-record-set-today/,Infographics,Friday,2012,07,27,39,3,1,,,,
flowingdata,"Olympic event nuances explained",http://flowingdata.com/2012/07/27/olympic-event-nuances-explained/,Infographics,Friday,2012,07,27,113,5,1,2012-07-27 09:45:40 UTC,3,2012-07-27 02:45:40 -0700,-7
flowingdata,"Worldwide mood around London 2012",http://flowingdata.com/2012/07/27/worldwide-mood-around-london-2012/,Data Art,Friday,2012,07,27,268,2,2,2012-07-27 11:13:48 UTC,3,2012-07-27 04:13:48 -0700,-7
flowingdata,"Comparing Romney’s tax returns to presidential returns",http://flowingdata.com/2012/07/27/comparing-romneys-tax-returns-to-other-presidents/,Statistical Visualization,Friday,2012,07,27,144,2,1,,,,
flowingdata,"Map of the Internet",http://flowingdata.com/2012/07/30/map-of-the-internet/,Network Visualization,Monday,2012,07,30,212,2,2,2012-07-30 07:35:39 UTC,60,2012-07-30 00:35:39 -0700,-7
flowingdata,"Map of connections in the human brain",http://flowingdata.com/2012/07/30/map-of-connections-in-the-human-brain/,Visualization,Monday,2012,07,30,95,2,0,2012-07-30 18:36:31 UTC,15,2012-07-30 11:36:31 -0700,-7
flowingdata,"Ascii Street View",http://flowingdata.com/2012/07/31/ascii-street-view/,Mapping,Tuesday,2012,07,31,24,3,1,2012-07-31 07:46:19 UTC,23,2012-07-31 00:46:19 -0700,-7
flowingdata,"Network of political contributions",http://flowingdata.com/2012/07/31/network-of-political-contributions/,Network Visualization,Tuesday,2012,07,31,198,6,1,2012-07-31 10:51:29 UTC,11,2012-07-31 03:51:29 -0700,-7
flowingdata,"Nigel Holmes on explanation graphics and how he got started",http://flowingdata.com/2012/08/01/nigel-holmes-on-explanation-graphics-and-how-he-got-started/,Design,Wednesday,2012,08,01,202,2,0,2012-08-01 07:41:34 UTC,10,2012-08-01 00:41:34 -0700,-7
flowingdata,"Twitter Political Index measures feelings towards candidates",http://flowingdata.com/2012/08/01/twitter-political-index-measures-feelings-towards-candidates/,Statistical Visualization,Wednesday,2012,08,01,104,2,2,2012-08-02 03:27:16 UTC,10,2012-08-01 20:27:16 -0700,-7
flowingdata,"Olympic rings as data symbols",http://flowingdata.com/2012/08/03/olympic-rings-as-data-symbols/,Data Art,Friday,2012,08,03,39,1,0,2012-08-03 16:34:04 UTC,19,2012-08-03 09:34:04 -0700,-7
flowingdata,"What planets would look like if they replaced our moon",http://flowingdata.com/2012/08/03/what-planets-would-look-like-if-they-replaced-our-moon/,Data Art,Friday,2012,08,03,37,3,0,2012-08-03 07:11:21 UTC,11,2012-08-03 00:11:21 -0700,-7
flowingdata,"Fox News continues charting excellence",http://flowingdata.com/2012/08/06/fox-news-continues-charting-excellence/,Mistaken Data,Monday,2012,08,06,123,1,2,2012-08-06 10:14:23 UTC,36,2012-08-06 03:14:23 -0700,-7
flowingdata,"Track and field Olympic performances in perspective",http://flowingdata.com/2012/08/06/track-and-field-olympic-performances-in-perspective/,Infographics,Monday,2012,08,06,158,3,1,2012-08-06 16:52:38 UTC,9,2012-08-06 09:52:38 -0700,-7
flowingdata,"Portal 2 timelines",http://flowingdata.com/2012/08/07/portal-2-timelines/,Infographics,Tuesday,2012,08,07,89,2,1,2012-08-07 08:17:02 UTC,8,2012-08-07 01:17:02 -0700,-7
flowingdata,"Review of Tufte course",http://flowingdata.com/2012/08/08/review-of-tufte-course/,News,Wednesday,2012,08,08,125,1,0,,,,
flowingdata,"Celebrating the joy of metering",http://flowingdata.com/2012/08/08/celebrating-the-joy-of-metering/,Data Art,Wednesday,2012,08,08,53,3,1,2012-08-08 17:00:32 UTC,1,2012-08-08 10:00:32 -0700,-7
flowingdata,"Short film imagines life with data and constant digital",http://flowingdata.com/2012/08/08/short-film-imagines-life-with-data-and-constant-digital/,Data Art,Wednesday,2012,08,08,51,0,0,2012-08-08 16:43:43 UTC,4,2012-08-08 09:43:43 -0700,-7
flowingdata,"State stereotypes suggested by Google",http://flowingdata.com/2012/08/09/state-stereotypes-suggested-by-google/,Mapping,Thursday,2012,08,09,150,2,1,2012-08-09 16:12:04 UTC,18,2012-08-09 09:12:04 -0700,-7
flowingdata,"Paintings as pie charts",http://flowingdata.com/2012/08/10/paintings-as-pie-charts/,Data Art,Friday,2012,08,10,52,3,1,2012-08-10 07:59:59 UTC,21,2012-08-10 00:59:59 -0700,-7
flowingdata,"Network analysis on high school hierarchy of friends",http://flowingdata.com/2012/08/13/network-analysis-on-high-school-hierarchy-of-friends/,Statistics,Monday,2012,08,13,135,1,0,2012-08-13 07:47:38 UTC,3,2012-08-13 00:47:38 -0700,-7
flowingdata,"Meryl Streep scatterplot",http://flowingdata.com/2012/08/14/meryl-streep-scatterplot/,Miscellaneous,Tuesday,2012,08,14,14,2,1,2012-08-14 09:33:58 UTC,15,2012-08-14 02:33:58 -0700,-7
flowingdata,"Disney Research makes plants interactive",http://flowingdata.com/2012/08/15/disney-research-makes-plants-interactive/,Data Art,Wednesday,2012,08,15,107,2,0,2012-08-15 16:47:43 UTC,12,2012-08-15 09:47:43 -0700,-7
flowingdata,"Evolution of video game controllers",http://flowingdata.com/2012/08/15/evolution-of-video-game-controllers/,Infographics,Wednesday,2012,08,15,23,2,1,2012-08-15 08:41:24 UTC,9,2012-08-15 01:41:24 -0700,-7
flowingdata,"Coolness graphed",http://flowingdata.com/2012/08/16/coolness-graphed/,Miscellaneous,Thursday,2012,08,16,24,1,1,2012-08-16 10:46:20 UTC,10,2012-08-16 03:46:20 -0700,-7
flowingdata,"Character social networks in movies",http://flowingdata.com/2012/08/17/character-social-networks-in-movies/,Network Visualization,Friday,2012,08,17,208,3,1,2012-08-17 07:09:07 UTC,9,2012-08-17 00:09:07 -0700,-7
flowingdata,"Tracing the paths of humpback whales",http://flowingdata.com/2012/08/20/tracing-the-paths-of-humpback-whales/,Visualization,Monday,2012,08,20,95,2,1,2012-08-21 06:18:40 UTC,1,2012-08-20 23:18:40 -0700,-7
flowingdata,"Most common London surnames mapped",http://flowingdata.com/2012/08/20/most-common-london-surnames-mapped/,Mapping,Monday,2012,08,20,87,2,1,2012-08-20 15:38:36 UTC,14,2012-08-20 08:38:36 -0700,-7
flowingdata,"Researchers store petabits of data with DNA",http://flowingdata.com/2012/08/21/researchers-store-petabits-of-data-with-dna/,News,Tuesday,2012,08,21,98,2,0,2012-08-21 07:07:25 UTC,8,2012-08-21 00:07:25 -0700,-7
flowingdata,"Water Light Graffiti",http://flowingdata.com/2012/08/22/water-light-graffiti/,Data Art,Wednesday,2012,08,22,104,3,0,2012-08-22 08:26:47 UTC,6,2012-08-22 01:26:47 -0700,-7
flowingdata,"Amazon election map, based on book sales",http://flowingdata.com/2012/08/23/amazon-election-map-based-on-book-sales/,Mapping,Thursday,2012,08,23,175,1,1,2012-08-23 09:17:22 UTC,11,2012-08-23 02:17:22 -0700,-7
flowingdata,"Twitter vs. Facebook: What people share",http://flowingdata.com/2012/08/23/twitter-vs-facebook-what-people-share/,Statistics,Thursday,2012,08,23,196,2,1,2012-08-23 20:40:19 UTC,13,2012-08-23 13:40:19 -0700,-7
flowingdata,"Fire forecasts across the United States",http://flowingdata.com/2012/08/24/fire-forecasts-across-the-united-states/,Mapping,Friday,2012,08,24,37,3,1,2012-08-24 10:20:54 UTC,4,2012-08-24 03:20:54 -0700,-7
flowingdata,"Who pays for healthcare, 1960 to 2010",http://flowingdata.com/2012/08/27/who-pays-for-healthcare-1960-to-2010/,Statistical Visualization,Monday,2012,08,27,169,1,1,2012-08-27 09:56:30 UTC,12,2012-08-27 02:56:30 -0700,-7
flowingdata,"Poker is a game of skill, not luck",http://flowingdata.com/2012/08/28/poker-is-a-game-of-skill-not-luck/,Statistics,Tuesday,2012,08,28,156,2,1,2012-08-28 07:15:16 UTC,15,2012-08-28 00:15:16 -0700,-7
flowingdata,"Long-exposure fireworks photos",http://flowingdata.com/2012/08/29/long-exposure-fireworks-photos/,Data Art,Wednesday,2012,08,29,26,2,1,2012-08-29 09:33:56 UTC,9,2012-08-29 02:33:56 -0700,-7
flowingdata,"Physics as a geographic map",http://flowingdata.com/2012/08/29/physics-as-a-geographic-map/,Mapping,Wednesday,2012,08,29,130,1,0,2012-08-30 01:04:09 UTC,18,2012-08-29 18:04:09 -0700,-7
flowingdata,"How NASA visualizes large datasets",http://flowingdata.com/2012/08/31/how-nasa-visualizes-large-datasets/,Mapping,Friday,2012,08,31,201,2,1,2012-08-31 07:09:53 UTC,17,2012-08-31 00:09:53 -0700,-7
flowingdata,"Analyze your Facebook profile with Wolfram|Alpha",http://flowingdata.com/2012/09/03/analyze-your-facebook-profile-with-wolframalpha/,Online Applications,Monday,2012,09,03,166,2,1,2012-09-03 07:24:49 UTC,17,2012-09-03 00:24:49 -0700,-7
flowingdata,"Mapping urban footprint",http://flowingdata.com/2012/09/04/human-urban-footprint/,Mapping,Tuesday,2012,09,04,152,2,1,,,,
flowingdata,"Man takes picture of himself every day for 12 years",http://flowingdata.com/2012/09/05/man-takes-picture-of-himself-every-day-for-12-5-years/,Self-surveillance,Wednesday,2012,09,05,97,3,0,2012-09-06 02:30:58 UTC,20,2012-09-05 19:30:58 -0700,-7
flowingdata,"Analyzing text messages to save lives",http://flowingdata.com/2012/09/05/analyzing-text-messages-to-save-lives/,Statistics,Wednesday,2012,09,05,106,1,0,2012-09-05 08:40:43 UTC,9,2012-09-05 01:40:43 -0700,-7
flowingdata,"RGB Colorspace Atlas shows every shade in a cubic book",http://flowingdata.com/2012/09/07/rgb-colorspace-atlas-shows-every-shade-in-a-cubic-book/,Data Art,Friday,2012,09,07,25,3,1,2012-09-07 08:08:35 UTC,3,2012-09-07 01:08:35 -0700,-7
flowingdata,"Words used at the National Conventions",http://flowingdata.com/2012/09/07/words-used-at-the-national-conventions/,Infographics,Friday,2012,09,07,204,4,1,2012-09-07 17:26:15 UTC,11,2012-09-07 10:26:15 -0700,-7
flowingdata,"Humans predicting the weather",http://flowingdata.com/2012/09/10/humans-predicting-the-weather/,Statistics,Monday,2012,09,10,239,1,0,2012-09-10 08:47:42 UTC,2,2012-09-10 01:47:42 -0700,-7
flowingdata,"History of tax breaks",http://flowingdata.com/2012/09/11/history-of-tax-breaks/,Statistical Visualization,Tuesday,2012,09,11,119,2,1,2012-09-11 10:24:51 UTC,6,2012-09-11 03:24:51 -0700,-7
flowingdata,"Wikipedia is dominated by male editors",http://flowingdata.com/2012/09/11/wikipedia-is-dominated-by-male-editors/,Statistical Visualization,Tuesday,2012,09,11,138,4,1,2012-09-11 08:56:26 UTC,11,2012-09-11 01:56:26 -0700,-7
flowingdata,"How people are connected on Facebook, by country",http://flowingdata.com/2012/09/11/how-people-are-connected-on-facebook-by-country/,Mapping,Tuesday,2012,09,11,192,3,1,2012-09-11 18:44:20 UTC,9,2012-09-11 11:44:20 -0700,-7
flowingdata,"Presidential campaign stops mapped",http://flowingdata.com/2012/09/12/presidential-campaign-stops-mapped/,Mapping,Wednesday,2012,09,12,138,2,1,2012-09-12 16:43:19 UTC,3,2012-09-12 09:43:19 -0700,-7
flowingdata,"Review: The Functional Art",http://flowingdata.com/2012/09/12/review-the-functional-art/,Reviews,Wednesday,2012,09,12,311,5,1,2012-09-12 09:24:18 UTC,3,2012-09-12 02:24:18 -0700,-7
flowingdata,"Soundscapes of city pollution",http://flowingdata.com/2012/09/13/soundscapes-of-city-pollution/,Visualization,Thursday,2012,09,13,175,1,0,2012-09-13 09:02:32 UTC,4,2012-09-13 02:02:32 -0700,-7
flowingdata,"Animated political contributions",http://flowingdata.com/2012/09/14/animated-political-contributions/,Statistical Visualization,Friday,2012,09,14,179,2,0,2012-09-14 10:45:35 UTC,4,2012-09-14 03:45:35 -0700,-7
flowingdata,"Make cool images with emergent algorithm",http://flowingdata.com/2012/09/17/make-cool-images-with-emergent-algorithm/,Data Art,Monday,2012,09,17,27,3,1,2012-09-17 09:09:59 UTC,10,2012-09-17 02:09:59 -0700,-7
flowingdata,"Voting similarities between Netherland cities",http://flowingdata.com/2012/09/18/voting-similarities-between-netherland-cities/,Mapping,Tuesday,2012,09,18,129,2,1,2012-09-18 19:49:17 UTC,8,2012-09-18 12:49:17 -0700,-7
flowingdata,"Level of arousal and armadillo population density",http://flowingdata.com/2012/09/19/level-of-arousal-and-armadillo-population-density/,Miscellaneous,Wednesday,2012,09,19,15,5,1,2012-09-19 08:27:07 UTC,3,2012-09-19 01:27:07 -0700,-7
flowingdata,"Hiring a data scientist",http://flowingdata.com/2012/09/19/hiring-a-data-scientist/,Statistics,Wednesday,2012,09,19,191,2,0,2012-09-19 19:09:27 UTC,3,2012-09-19 12:09:27 -0700,-7
flowingdata,"Data sculpture shows emotional response to Olympics",http://flowingdata.com/2012/09/20/data-sculpture-shows-emotional-response-to-olympics/,Data Art,Thursday,2012,09,20,132,2,1,2012-09-20 20:03:17 UTC,2,2012-09-20 13:03:17 -0700,-7
flowingdata,"Color names plotted against gender",http://flowingdata.com/2012/09/20/color-names-plotted-against-gender/,Statistical Visualization,Thursday,2012,09,20,158,4,1,2012-09-20 18:26:49 UTC,2,2012-09-20 11:26:49 -0700,-7
flowingdata,"Easy and customizable maps with TileMill",http://flowingdata.com/2012/09/21/easy-and-customizable-maps-with-tilemill/,Software,Friday,2012,09,21,184,3,1,2012-09-21 17:32:05 UTC,12,2012-09-21 10:32:05 -0700,-7
flowingdata,"Data for good, not bad",http://flowingdata.com/2012/09/21/data-for-good-not-bad/,Statistics,Friday,2012,09,21,31,1,0,,,,
flowingdata,"Show me something good",http://flowingdata.com/2012/09/24/show-me-something-good/,Design,Monday,2012,09,24,193,0,0,2012-09-24 08:59:26 UTC,3,2012-09-24 01:59:26 -0700,-7
flowingdata,"International color wheel",http://flowingdata.com/2012/09/25/international-color-wheel/,Visualization,Tuesday,2012,09,25,174,2,1,2012-09-25 09:33:14 UTC,7,2012-09-25 02:33:14 -0700,-7
flowingdata,"Presidential campaign finance explorer",http://flowingdata.com/2012/09/26/presidential-campaign-finance-explorer/,Statistical Visualization,Wednesday,2012,09,26,104,1,1,2012-09-26 10:29:33 UTC,1,2012-09-26 03:29:33 -0700,-7
flowingdata,"Global cloud coverage",http://flowingdata.com/2012/09/26/global-cloud-coverage/,Mapping,Wednesday,2012,09,26,83,1,1,2012-09-26 09:03:35 UTC,3,2012-09-26 02:03:35 -0700,-7
flowingdata,"Bike patterns",http://flowingdata.com/2012/09/26/bike-patterns/,Mapping,Wednesday,2012,09,26,132,2,0,2012-09-26 07:11:57 UTC,12,2012-09-26 00:11:57 -0700,-7
flowingdata,"Quick sites tell you if Obama or Romney are president",http://flowingdata.com/2012/09/27/quick-sites-tell-you-if-obama-or-romney-are-president/,Visualization,Thursday,2012,09,27,63,4,1,2012-09-28 04:41:15 UTC,4,2012-09-27 21:41:15 -0700,-7
flowingdata,"Netanyahu knows his diagrams",http://flowingdata.com/2012/09/28/netanyahu-knows-his-diagrams/,Miscellaneous,Friday,2012,09,28,45,2,1,2012-09-28 18:18:49 UTC,4,2012-09-28 11:18:49 -0700,-7
flowingdata,"Visualization for scientific discovery",http://flowingdata.com/2012/10/01/visualization-for-scientific-discovery/,Visualization,Monday,2012,10,01,140,1,0,2012-10-01 11:26:12 UTC,12,2012-10-01 04:26:12 -0700,-7
flowingdata,"Game: Match states on a blank map",http://flowingdata.com/2012/10/01/match-states-on-a-blank-map/,Mapping,Monday,2012,10,01,47,3,1,,,,
flowingdata,"Torque for mapping temporal data",http://flowingdata.com/2012/10/02/torque-for-mapping-temporal-data/,Software,Tuesday,2012,10,02,132,3,1,2012-10-02 09:58:31 UTC,10,2012-10-02 02:58:31 -0700,-7
flowingdata,"Every Lost episode visualized and recreated",http://flowingdata.com/2012/10/03/every-lost-episode-visualized-and-recreated/,Network Visualization,Wednesday,2012,10,03,171,1,1,2012-10-03 10:01:38 UTC,11,2012-10-03 03:01:38 -0700,-7
flowingdata,"The real A/C repair schedule",http://flowingdata.com/2012/10/04/the-real-ac-repair-schedule/,Data Underload,Thursday,2012,10,04,99,0,1,2012-10-04 11:11:24 UTC,1,2012-10-04 04:11:24 -0700,-7
flowingdata,"The birthday problem explained",http://flowingdata.com/2012/10/05/the-birthday-problem-explained/,Statistics,Friday,2012,10,05,194,1,0,2012-10-05 08:43:47 UTC,8,2012-10-05 01:43:47 -0700,-7
flowingdata,"Patent war",http://flowingdata.com/2012/10/08/patent-war/,Network Visualization,Monday,2012,10,08,60,3,1,2012-10-08 10:10:08 UTC,8,2012-10-08 03:10:08 -0700,-7
flowingdata,"History of Earth in 24-hour clock",http://flowingdata.com/2012/10/09/history-of-earth-in-24-hour-clock/,Infographics,Tuesday,2012,10,09,26,1,1,2012-10-09 09:58:48 UTC,22,2012-10-09 02:58:48 -0700,-7
flowingdata,"State of polar bear populations",http://flowingdata.com/2012/10/10/state-of-polar-bear-populations/,Mapping,Wednesday,2012,10,10,137,2,1,2012-10-10 08:48:04 UTC,4,2012-10-10 01:48:04 -0700,-7
flowingdata,"Not enough donut",http://flowingdata.com/2012/10/11/not-enough-donut/,Ugly Charts,Thursday,2012,10,11,8,1,1,2012-10-11 09:07:57 UTC,7,2012-10-11 02:07:57 -0700,-7
flowingdata,"How viral photos spread on Facebook",http://flowingdata.com/2012/10/12/how-viral-photos-spread-on-facebook/,Network Visualization,Friday,2012,10,12,169,3,1,2012-10-12 07:47:43 UTC,8,2012-10-12 00:47:43 -0700,-7
flowingdata,"Solar energy potential, mapped in Cambridge",http://flowingdata.com/2012/10/15/solar-energy-potential-mapped-in-cambridge/,Mapping,Monday,2012,10,15,105,2,1,2012-10-15 10:08:04 UTC,4,2012-10-15 03:08:04 -0700,-7
flowingdata,"Shifting states over the decades, between Democrat and Republican",http://flowingdata.com/2012/10/16/shifting-states-over-the-decades-between-democrat-and-republican/,Network Visualization,Tuesday,2012,10,16,203,3,1,2012-10-16 10:50:25 UTC,5,2012-10-16 03:50:25 -0700,-7
flowingdata,"ReConstitution recreates debates through transcripts and language processing",http://flowingdata.com/2012/10/17/reconstitution-recreates-debates-through-transcripts-and-language-processing/,Data Art,Wednesday,2012,10,17,221,1,1,2012-10-17 10:03:20 UTC,10,2012-10-17 03:03:20 -0700,-7
flowingdata,"Masterful design of the everyday baggage tag",http://flowingdata.com/2012/10/18/masterful-design-of-the-everyday-baggage-tag/,Design,Thursday,2012,10,18,215,1,1,2012-10-18 11:56:37 UTC,3,2012-10-18 04:56:37 -0700,-7
flowingdata,"Tracking homicides in Washington, D.C.",http://flowingdata.com/2012/10/19/tracking-homicides-in-washington-d-c/,Mapping,Friday,2012,10,19,258,4,1,2012-10-19 10:06:56 UTC,11,2012-10-19 03:06:56 -0700,-7
flowingdata,"xkcd-style charts in R, JavaScript, and Python",http://flowingdata.com/2012/10/19/xkcd-style-charts-in-r-javascript-and-python/,Software,Friday,2012,10,19,54,3,1,2012-10-19 12:00:19 UTC,26,2012-10-19 05:00:19 -0700,-7
flowingdata,"Data on decades of Boy Scout expulsions released",http://flowingdata.com/2012/10/22/data-on-decades-of-boy-scout-expulsions-released/,Data Sources,Monday,2012,10,22,142,2,2,2012-10-22 11:11:05 UTC,0,2012-10-22 04:11:05 -0700,-7
flowingdata,"Stephen Colbert on the USA Today infographic logo",http://flowingdata.com/2012/10/23/stephen-colbert-on-the-usa-today-infographic-logo/,Miscellaneous,Tuesday,2012,10,23,24,1,0,2012-10-23 12:17:30 UTC,3,2012-10-23 05:17:30 -0700,-7
flowingdata,"Lord of the Rings visualized",http://flowingdata.com/2012/10/24/lord-of-the-rings-visualized/,Statistical Visualization,Wednesday,2012,10,24,177,2,1,2012-10-24 10:51:27 UTC,14,2012-10-24 03:51:27 -0700,-7
flowingdata,"Insisting on beautiful maps",http://flowingdata.com/2012/10/25/insisting-on-beautiful-maps/,Mapping,Thursday,2012,10,25,104,1,1,2012-10-25 10:27:53 UTC,27,2012-10-25 03:27:53 -0700,-7
flowingdata,"A taxonomy of arse",http://flowingdata.com/2012/10/26/a-taxonomy-of-arse/,Miscellaneous,Friday,2012,10,26,11,2,1,2012-10-26 10:32:18 UTC,14,2012-10-26 03:32:18 -0700,-7
flowingdata,"Urine wheel to diagnose disease",http://flowingdata.com/2012/10/29/urine-wheel-to-diagnose-disease/,Infographics,Monday,2012,10,29,40,2,1,2012-10-29 10:38:26 UTC,3,2012-10-29 03:38:26 -0700,-7
flowingdata,"Hurricane tracker for Sandy",http://flowingdata.com/2012/10/29/hurricane-tracker-for-sandy/,Mapping,Monday,2012,10,29,45,3,1,,,,
flowingdata,"Browse elections data back to 1976 with Electionary app",http://flowingdata.com/2012/10/30/browse-elections-data-back-to-1976-with-electionary-app/,Mapping,Tuesday,2012,10,30,161,1,1,2012-10-30 10:23:44 UTC,8,2012-10-30 03:23:44 -0700,-7
flowingdata,"Sandy aftermath: Power outages and flooding",http://flowingdata.com/2012/10/30/sandy-aftermath-power-outages-and-flooding/,Mapping,Tuesday,2012,10,30,85,2,1,,,,
flowingdata,"A quick lesson on making predictions",http://flowingdata.com/2012/10/31/a-quick-lesson-on-making-predictions/,Statistics,Wednesday,2012,10,31,198,2,0,2012-10-31 11:04:11 UTC,11,2012-10-31 04:04:11 -0700,-7
flowingdata,"Beauty in movement",http://flowingdata.com/2012/11/01/beauty-in-movement/,Data Art,Thursday,2012,11,01,103,3,0,2012-11-01 10:18:36 UTC,7,2012-11-01 03:18:36 -0700,-7
flowingdata,"History of film, 100 years in a chart",http://flowingdata.com/2012/11/02/history-of-film-100-years-in-a-chart/,Statistical Visualization,Friday,2012,11,02,103,2,0,2012-11-02 10:31:16 UTC,11,2012-11-02 03:31:16 -0700,-7
flowingdata,"All possible paths to the White House",http://flowingdata.com/2012/11/05/all-possible-paths-to-the-white-house/,Infographics,Monday,2012,11,05,91,2,1,2012-11-05 12:01:30 UTC,25,2012-11-05 04:01:30 -0800,-8
flowingdata,"2012 political donations mapped over time",http://flowingdata.com/2012/11/05/2012-political-donations-mapped-over-time/,Mapping,Monday,2012,11,05,147,2,0,2012-11-06 07:03:45 UTC,12,2012-11-05 23:03:45 -0800,-8
flowingdata,"Tracking the election tonight",http://flowingdata.com/2012/11/06/tracking-the-election-tonight/,Visualization,Tuesday,2012,11,06,143,7,1,2012-11-07 00:10:40 UTC,18,2012-11-06 16:10:40 -0800,-8
flowingdata,"How Silver predictions performed",http://flowingdata.com/2012/11/07/how-silver-predictions-performed/,Statistics,Wednesday,2012,11,07,93,5,1,2012-11-07 08:31:06 UTC,33,2012-11-07 00:31:06 -0800,-8
flowingdata,"Maps before maps",http://flowingdata.com/2012/11/08/maps-before-maps/,Mapping,Thursday,2012,11,08,54,1,0,2012-11-08 12:00:31 UTC,7,2012-11-08 04:00:31 -0800,-8
flowingdata,"Data visualization as cultural phenomenon",http://flowingdata.com/2012/11/08/data-visualization-as-cultural-phenomenon/,Data Art,Thursday,2012,11,08,50,1,0,2012-11-08 18:26:00 UTC,14,2012-11-08 10:26:00 -0800,-8
flowingdata,"Mapping racist tweets",http://flowingdata.com/2012/11/09/mapping-racist-tweets/,Mapping,Friday,2012,11,09,149,3,1,2012-11-09 11:44:00 UTC,35,2012-11-09 03:44:00 -0800,-8
flowingdata,"Incredibly divided nation in a map",http://flowingdata.com/2012/11/09/incredibly-divided-nation-in-a-map/,Mistaken Data,Friday,2012,11,09,23,1,1,2012-11-09 12:53:03 UTC,10,2012-11-09 04:53:03 -0800,-8
flowingdata,"Mitt Romney losing likes on Facebook, in real-time",http://flowingdata.com/2012/11/12/mitt-romney-losing-likes-on-facebook-in-real-time/,Statistical Visualization,Monday,2012,11,12,68,5,1,,,,
flowingdata,"50 percent",http://flowingdata.com/2012/11/12/50-percent/,Miscellaneous,Monday,2012,11,12,30,2,1,2012-11-12 13:39:06 UTC,8,2012-11-12 05:39:06 -0800,-8
flowingdata,"Shiny allows web applications with R",http://flowingdata.com/2012/11/13/shiny-allows-web-applications-with-r/,Software,Tuesday,2012,11,13,161,2,1,2012-11-13 18:24:44 UTC,12,2012-11-13 10:24:44 -0800,-8
flowingdata,"Exploration of Hewlett grants",http://flowingdata.com/2012/11/14/exploration-of-hewlett-grants/,Infographics,Wednesday,2012,11,14,75,1,1,2012-11-14 17:55:54 UTC,2,2012-11-14 09:55:54 -0800,-8
flowingdata,"Beautiful interactive tour of the galaxy",http://flowingdata.com/2012/11/15/beautiful-interactive-tour-of-the-galaxy/,Mapping,Thursday,2012,11,15,86,2,1,2012-11-15 16:45:18 UTC,12,2012-11-15 08:45:18 -0800,-8
flowingdata,"Lego New York",http://flowingdata.com/2012/11/16/lego-new-york/,Data Art,Friday,2012,11,16,40,1,1,2012-11-16 18:09:42 UTC,10,2012-11-16 10:09:42 -0800,-8
flowingdata,"Infinite Jukebox plays your favorite songs forever",http://flowingdata.com/2012/11/19/infinite-jukebox-plays-your-favorite-songs-forever/,Network Visualization,Monday,2012,11,19,197,3,1,2012-11-19 18:17:29 UTC,6,2012-11-19 10:17:29 -0800,-8
flowingdata,"Ridiculous but real charts from the U.S. Congress floor",http://flowingdata.com/2012/11/20/ridiculous-but-real-charts-from-the-u-s-congress-floor/,Ugly Charts,Tuesday,2012,11,20,75,2,1,2012-11-20 17:48:15 UTC,8,2012-11-20 09:48:15 -0800,-8
flowingdata,"Archive of datasets bundled with R",http://flowingdata.com/2012/11/20/archive-of-datasets-bundled-with-r/,Data Sources,Tuesday,2012,11,20,88,1,0,2012-11-20 11:00:17 UTC,9,2012-11-20 03:00:17 -0800,-8
flowingdata,"Futures in literature from the past",http://flowingdata.com/2012/11/21/futures-in-literature-from-the-past/,Infographics,Wednesday,2012,11,21,167,3,1,2012-11-21 19:16:51 UTC,8,2012-11-21 11:16:51 -0800,-8
flowingdata,"FIFA development work around the world",http://flowingdata.com/2012/11/26/fifa-development-work-around-the-world/,Mapping,Monday,2012,11,26,175,4,1,2012-11-26 09:13:43 UTC,4,2012-11-26 01:13:43 -0800,-8
flowingdata,"Data Gift Guide",http://flowingdata.com/2012/11/26/data-gift-guide/,Visualization,Monday,2012,11,26,479,26,12,2012-11-26 19:45:14 UTC,8,2012-11-26 11:45:14 -0800,-8
flowingdata,"xkcd: Calendar of meaningful dates",http://flowingdata.com/2012/11/27/xkcd-calendar-of-meaningful-dates/,Infographics,Tuesday,2012,11,27,25,3,1,,,,
flowingdata,"Los Angeles Fire Department response times",http://flowingdata.com/2012/11/27/los-angeles-fire-department-response-times/,Mapping,Tuesday,2012,11,27,108,1,1,2012-11-27 12:10:45 UTC,5,2012-11-27 04:10:45 -0800,-8
flowingdata,"Pinball machine as Etch A Sketch",http://flowingdata.com/2012/11/29/pinball-machine-as-etch-a-sketch/,Data Art,Thursday,2012,11,29,76,2,1,2012-11-29 18:06:50 UTC,1,2012-11-29 10:06:50 -0800,-8
flowingdata,"Machines and built-in morality",http://flowingdata.com/2012/11/29/machines-and-built-in-morality/,Statistics,Thursday,2012,11,29,198,1,0,2012-11-29 11:07:38 UTC,3,2012-11-29 03:07:38 -0800,-8
flowingdata,"How tax rates have changed",http://flowingdata.com/2012/11/30/how-tax-rates-have-changed/,Statistical Visualization,Friday,2012,11,30,112,2,1,2012-11-30 12:00:35 UTC,6,2012-11-30 04:00:35 -0800,-8
flowingdata,"Time-lapse writing of a research paper",http://flowingdata.com/2012/11/30/time-lapse-writing-of-a-research-paper/,Visualization,Friday,2012,11,30,53,3,0,2012-11-30 18:40:36 UTC,14,2012-11-30 10:40:36 -0800,-8
flowingdata,"A new kind of resource",http://flowingdata.com/2012/12/03/a-new-kind-of-resource/,Statistics,Monday,2012,12,03,119,2,0,,,,
flowingdata,"50 years of Rolling Stones tours",http://flowingdata.com/2012/12/03/50-years-of-rolling-stones-tours/,Mapping,Monday,2012,12,03,87,2,1,2012-12-03 17:18:29 UTC,5,2012-12-03 09:18:29 -0800,-8
flowingdata,"Lunar Lander trails",http://flowingdata.com/2012/12/04/lunar-lander-trails/,Data Art,Tuesday,2012,12,04,154,3,0,2012-12-04 10:38:52 UTC,3,2012-12-04 02:38:52 -0800,-8
flowingdata,"Emotion of countries mapped",http://flowingdata.com/2012/12/05/emotion-of-countries-mapped/,Mapping,Wednesday,2012,12,05,273,3,1,,,,
flowingdata,"The family tree for All in the Family",http://flowingdata.com/2012/12/06/the-family-tree-for-all-in-the-family/,Data Art,Thursday,2012,12,06,180,2,1,,,,
flowingdata,"Nixon signature timeline",http://flowingdata.com/2012/12/07/nixon-signature-timeline/,Miscellaneous,Friday,2012,12,07,3,1,1,2012-12-07 11:19:31 UTC,7,2012-12-07 03:19:31 -0800,-8
flowingdata,"An infographical look at Walking Dead kills over three seasons",http://flowingdata.com/2012/12/07/an-infographical-look-at-walking-dead-kills-over-three-seasons/,Infographics,Friday,2012,12,07,129,4,1,2012-12-07 18:59:55 UTC,10,2012-12-07 10:59:55 -0800,-8
flowingdata,"Relationships and kills in Game of Thrones replayed",http://flowingdata.com/2012/12/10/relationships-and-kills-in-game-of-thrones-replayed/,Network Visualization,Monday,2012,12,10,60,2,1,,,,
flowingdata,"The differences between machine learning, data mining, and statistics",http://flowingdata.com/2012/12/10/the-differences-between-machine-learning-data-mining-and-statistics/,Statistics,Monday,2012,12,10,105,1,0,,,,
flowingdata,"Get a visual recap of your year on Twitter",http://flowingdata.com/2012/12/11/get-a-visual-recap-of-your-year-on-twitter/,Statistical Visualization,Tuesday,2012,12,11,102,2,1,2012-12-11 18:13:52 UTC,10,2012-12-11 10:13:52 -0800,-8
flowingdata,"Statistical network of basketball",http://flowingdata.com/2012/12/12/statistical-network-of-basketball/,Statistics,Wednesday,2012,12,12,189,2,1,2012-12-12 11:03:53 UTC,10,2012-12-12 03:03:53 -0800,-8
flowingdata,"An ideal bookshelf",http://flowingdata.com/2012/12/13/an-ideal-bookshelf/,Network Visualization,Thursday,2012,12,13,111,3,1,2012-12-13 11:09:48 UTC,4,2012-12-13 03:09:48 -0800,-8
flowingdata,"Sitegeist: A mobile app that tells you about your data surroundings",http://flowingdata.com/2012/12/14/sitegeist-a-mobile-app-that-tells-you-about-your-data-surroundings/,Software,Friday,2012,12,14,133,3,1,2012-12-14 11:54:16 UTC,10,2012-12-14 03:54:16 -0800,-8
flowingdata,"An introduction to diagrams",http://flowingdata.com/2012/12/14/an-introduction-to-diagrams/,Network Visualization,Friday,2012,12,14,126,1,0,2012-12-14 19:05:07 UTC,5,2012-12-14 11:05:07 -0800,-8
flowingdata,"Getting Started with Charts in R",http://flowingdata.com/2012/12/17/getting-started-with-charts-in-r/,None,Monday,2012,12,17,1714,3,14,2012-12-17 18:03:25 UTC,20,2012-12-17 10:03:25 -0800,-8
flowingdata,"Animated growth of an organization",http://flowingdata.com/2012/12/18/animated-growth-of-an-organization/,Network Visualization,Tuesday,2012,12,18,170,1,0,2012-12-18 17:37:26 UTC,9,2012-12-18 09:37:26 -0800,-8
flowingdata,"Longer life expectancy, more years of disease",http://flowingdata.com/2012/12/19/longer-life-expectancy-more-years-of-disease/,Statistical Visualization,Wednesday,2012,12,19,152,3,1,,,,
flowingdata,"National Rifle Association grades for Congress members",http://flowingdata.com/2012/12/19/national-rifle-association-grades-for-congress-members/,Mapping,Wednesday,2012,12,19,80,2,1,,,,
flowingdata,"Your tax rate in 2012, and past rates since 1913",http://flowingdata.com/2012/12/20/your-tax-rate-in-2012-and-past-rates-since-1913/,Infographics,Thursday,2012,12,20,172,2,1,2012-12-20 11:52:30 UTC,6,2012-12-20 03:52:30 -0800,-8
flowingdata,"Earth as Art book from NASA",http://flowingdata.com/2012/12/21/earth-as-art-from-nasa/,Mapping,Friday,2012,12,21,108,3,1,,,,
flowingdata,"Data Analysis (with R) on Coursera",http://flowingdata.com/2012/12/21/data-analysis-with-r-on-coursera/,Statistics,Friday,2012,12,21,164,3,0,2012-12-21 18:18:36 UTC,17,2012-12-21 10:18:36 -0800,-8
flowingdata,"Evolution of Batman logo, 1940-2012",http://flowingdata.com/2012/12/24/evolution-of-batman-logo-1940-2012/,Infographics,Monday,2012,12,24,27,3,1,2012-12-24 19:14:46 UTC,19,2012-12-24 11:14:46 -0800,-8
flowingdata,"NFL video screens compared",http://flowingdata.com/2012/12/27/nfl-video-screen-compared/,Infographics,Thursday,2012,12,27,44,2,1,2012-12-27 20:33:52 UTC,8,2012-12-27 12:33:52 -0800,-8
flowingdata,"Map: Laconic history of the world",http://flowingdata.com/2012/12/28/map-laconic-history-of-the-world/,Mapping,Friday,2012,12,28,61,2,1,2012-12-28 08:32:39 UTC,9,2012-12-28 00:32:39 -0800,-8
flowingdata,"Map of every person counted in 2010 US Census",http://flowingdata.com/2012/12/31/map-of-every-person-counted-in-2010-us-census/,Mapping,Monday,2012,12,31,77,2,0,2012-12-31 17:35:17 UTC,32,2012-12-31 09:35:17 -0800,-8
